seed,epoch,loss,response_loss,side_loss,pre_response_penalty
0,1,2.42936484336853,1.5638592147827148,0.6934843182563781,0.17202129870653152
0,2,2.2711292457580567,1.5262594604492188,0.6934330415725708,0.051436733603477475
0,3,2.1938872146606445,1.456409158706665,0.6935713934898377,0.04390663266181946
0,4,1.9544191646575928,1.1578763723373413,0.6929690551757812,0.10357376217842101
0,5,1.8783154201507568,1.0874859476089478,0.6935499286651612,0.09727956354618073
0,6,1.8517075061798096,1.061619052886963,0.6937954521179199,0.09629300594329834
0,7,1.8464946794509887,1.0567957258224487,0.6935987377166748,0.09610021978616715
0,8,1.8447894382476806,1.054300765991211,0.6953247833251953,0.09516387492418289
0,9,1.8329802227020264,1.0441967391967772,0.6943127608299255,0.09447071343660354
0,10,1.8289689445495605,1.0428510427474975,0.6931778120994568,0.0929400935769081
0,11,1.829797215461731,1.0421833038330077,0.6938070607185364,0.09380683332681655
0,12,1.8248431587219238,1.038453516960144,0.6934653830528259,0.09292422741651535
0,13,1.8300594472885132,1.0446491384506225,0.6935830688476563,0.09182722806930542
0,14,1.8234355878829955,1.036060209274292,0.6940003156661987,0.09337504863739014
0,15,1.8176153326034545,1.0285182094573975,0.6946680951118469,0.09442905366420745
0,16,1.8157244873046876,1.0294552516937256,0.6932124805450439,0.09305676579475403
0,17,1.8212906742095947,1.035454149246216,0.6935687041282654,0.09226783573627471
0,18,1.8158104228973388,1.0279602313041687,0.6937608218193054,0.09408937633037567
0,19,1.8167603206634522,1.0318662548065185,0.6933920478820801,0.09150200337171555
0,20,1.8108964014053344,1.0233384847640992,0.693883740901947,0.09367418617010116
0,21,1.8092639255523681,1.022250430583954,0.6936647844314575,0.09334870278835297
0,22,1.81037269115448,1.0238398432731628,0.6937564396858216,0.09277640670537948
0,23,1.8127471923828125,1.0257473397254944,0.6936408853530884,0.09335896611213684
0,24,1.8099523305892944,1.023829264640808,0.6936670827865601,0.09245599508285522
0,25,1.8028049325942994,1.017100794315338,0.6934031462669372,0.09230100274085999
0,26,1.8024017715454101,1.0144949746131897,0.6939930891990662,0.09391371577978135
0,27,1.7997432327270508,1.0118698143959046,0.6942871117591858,0.0935862836241722
0,28,1.7958937120437621,1.010731110572815,0.6931262803077698,0.09203632324934005
0,29,1.8038259840011597,1.0190429925918578,0.693870084285736,0.0909129074215889
0,30,1.8029954433441162,1.0159895730018615,0.6949056839942932,0.0921001946926117
0,31,1.796607723236084,1.0119847536087037,0.6931033444404602,0.09151961505413056
0,32,1.789216823577881,1.0025417685508728,0.6936538624763489,0.09302120089530945
0,33,1.800448408126831,1.016286633014679,0.6932418036460877,0.09091997265815735
0,34,1.7960572814941407,1.0107770848274231,0.6935863852500915,0.09169380903244019
0,35,1.7997859239578247,1.015281319618225,0.6931838941574097,0.0913207122683525
0,36,1.7984959268569947,1.014539201259613,0.6935451626777649,0.09041155427694321
0,37,1.8022489500045777,1.0180633282661438,0.69344575881958,0.09073986619710922
0,38,1.7985067653656006,1.0129925155639647,0.6935206270217895,0.09199360191822052
0,39,1.7957353353500367,1.0110839533805847,0.6935601186752319,0.09109125137329102
0,40,1.7970680093765259,1.013081181049347,0.6934172916412353,0.09056952863931655
0,41,1.8036765432357789,1.0179805731773377,0.6935602760314942,0.0921356987953186
0,42,1.799524064064026,1.0157202649116517,0.6936986088752747,0.0901051864027977
0,43,1.7938184356689453,1.0085749459266662,0.6939000964164734,0.09134338825941085
0,44,1.7941061162948608,1.0092860531806946,0.6938399314880371,0.09098014146089554
0,45,1.7897563314437865,1.0047615194320678,0.6939424252510071,0.09105240702629089
0,46,1.7882213735580443,1.0024126982688903,0.6934155225753784,0.09239317327737809
0,47,1.7946198463439942,1.0096151971817016,0.6931110954284668,0.0918935427069664
0,48,1.787462544441223,1.003247745037079,0.693353316783905,0.09086148738861084
0,49,1.7951829195022584,1.00971586227417,0.6937910699844361,0.09167598515748977
0,50,1.7964312171936034,1.012676603794098,0.6937032055854797,0.09005140155553817
0,51,1.799328293800354,1.0159352278709413,0.693415777683258,0.08997729063034057
0,52,1.7899791765213013,1.0035832333564758,0.6934359884262085,0.09295995742082595
0,53,1.799110689163208,1.0147664737701416,0.6935843420028687,0.09075985729694366
0,54,1.789751968383789,1.0039510488510133,0.6938716721534729,0.09192924678325654
0,55,1.7967882061004639,1.0118470406532287,0.6934158086776734,0.09152534365653991
0,56,1.7962649297714233,1.0136383199691772,0.6935121536254882,0.0891144523024559
0,57,1.7936307525634765,1.0086037230491638,0.693354332447052,0.09167270183563232
0,58,1.7891231966018677,1.0041783213615418,0.69367112159729,0.09127375215291977
0,59,1.792545232772827,1.0078899455070496,0.6933274650573731,0.09132781744003296
0,60,1.7923099899291992,1.0080084347724914,0.6932405161857605,0.09106103360652923
0,61,1.7907262229919434,1.0060000705718994,0.6940825915336609,0.09064357250928878
0,62,1.7916175651550292,1.0071385526657104,0.6934823393821716,0.09099667966365814
0,63,1.797593593597412,1.0130123353004457,0.6934122204780578,0.09116904109716416
0,64,1.7903031730651855,1.0051873564720153,0.6935775971412659,0.09153821676969529
0,65,1.793810110092163,1.0081198358535766,0.693673312664032,0.0920169597864151
0,66,1.7941087913513183,1.010018925666809,0.693423957824707,0.09066594183444977
0,67,1.794213843345642,1.0100045132637023,0.6932120823860168,0.09099724411964416
0,68,1.7930199193954468,1.0083780646324159,0.69326735496521,0.09137450844049454
0,69,1.7895710229873658,1.0042409658432008,0.6931406021118164,0.09218946009874344
0,70,1.7910209321975707,1.007205572128296,0.6933085346221923,0.09050682365894318
0,71,1.7885298824310303,1.00318683385849,0.6933288264274597,0.09201421082019806
0,72,1.7969146823883058,1.0138984608650208,0.6932683467864991,0.08974786102771759
0,73,1.8003909492492676,1.016529576778412,0.6934134125709533,0.09044796526432038
0,74,1.784723162651062,0.9986743474006653,0.69365318775177,0.09239563524723053
0,75,1.7861749792099,1.00208637714386,0.6930320644378662,0.09105653196573257
0,76,1.794966893196106,1.0102021431922912,0.6936790752410888,0.09108567833900452
0,77,1.7919855976104737,1.0087278413772582,0.6932224035263062,0.09003537029027939
0,78,1.79507511138916,1.0099805307388305,0.6936296677589416,0.0914649224281311
0,79,1.789595708847046,1.0046633052825928,0.6943266248703003,0.09060577422380447
0,80,1.7923782300949096,1.0058959603309632,0.6931370854377746,0.09334520101547242
0,81,1.800289306640625,1.0171959853172303,0.6940165758132935,0.08907673567533493
0,82,1.800069341659546,1.0146467757225037,0.6940748119354248,0.09134775251150132
0,83,1.7956466722488402,1.0103099870681762,0.6949231672286987,0.09041350841522217
0,84,1.7930859756469726,1.0070382404327392,0.6939965677261353,0.09205116152763367
0,85,1.7897152090072632,1.0059218287467957,0.6931737041473389,0.09061966598033905
0,86,1.7969089460372925,1.0119202184677123,0.6935971093177795,0.09139163136482238
0,87,1.7943832635879517,1.0101917552947999,0.6934838962554931,0.09070762068033218
0,88,1.7931657314300538,1.00815274477005,0.6932351326942444,0.09177786350250244
0,89,1.7957117128372193,1.0126557326316834,0.6932269072532654,0.08982907086610795
0,90,1.8021762943267823,1.0185363841056825,0.6932628297805786,0.09037705004215241
0,91,1.8020665884017943,1.0182396531105042,0.6934452962875366,0.09038165301084518
0,92,1.7905300331115723,1.0061992502212525,0.693610782623291,0.09072000116109848
0,93,1.7872141981124878,1.0018320155143738,0.6932457995414734,0.09213636219501495
0,94,1.7947335386276244,1.0098617243766785,0.6937765789031982,0.0910952416062355
0,95,1.7902097177505494,1.0070108079910278,0.69384605884552,0.08935284495353699
0,96,1.794260778427124,1.008337552547455,0.6932247948646545,0.0926984378695488
0,97,1.7982131719589234,1.0153812646865845,0.6932150197029113,0.08961688339710236
0,98,1.785584807395935,1.0015319561958314,0.6921104788780212,0.09194238305091858
0,99,1.797161464691162,1.0120521664619446,0.6938865303993225,0.0912227526307106
0,100,1.7986683893203734,1.0149823832511902,0.6931812500953675,0.09050476521253586
0,101,1.7917687845230104,1.0077482151985169,0.6933926153182983,0.09062794893980027
0,102,1.7913686323165894,1.0075265669822693,0.693268506526947,0.0905735358595848
0,103,1.7850568580627442,1.0012272357940675,0.6928927326202392,0.09093688130378723
0,104,1.7861173677444457,1.001223211288452,0.69317631483078,0.09171785593032837
0,105,1.792135601043701,1.0075891518592834,0.6934413743019104,0.09110507547855377
0,106,1.7887644577026367,1.0049881625175476,0.6931275582313537,0.0906487300992012
0,107,1.7914047861099243,1.0064472222328187,0.6926072001457214,0.09235035806894303
0,108,1.794234127998352,1.0099068260192872,0.6933425188064575,0.09098477691411971
0,109,1.7811535263061524,0.9970929908752442,0.6929971504211426,0.0910633885860443
0,110,1.787982668876648,1.0044938468933104,0.6928803420066834,0.09060849159955979
0,111,1.79753803730011,1.0133394527435302,0.6934464693069458,0.09075212240219116
0,112,1.7904231214523316,1.006257848739624,0.6931431269645691,0.091022147834301
0,113,1.7916029930114745,1.0077149748802186,0.6932186198234558,0.0906693994998932
0,114,1.7957868003845214,1.012270896434784,0.6929112219810486,0.09060468971729278
0,115,1.7909625053405762,1.0061678504943847,0.6931657528877259,0.09162890076637269
0,116,1.7977431011199951,1.0140604376792908,0.6934614849090576,0.09022117853164673
0,117,1.78736168384552,1.00332781791687,0.6928728103637696,0.09116105735301971
0,118,1.791794753074646,1.0073210859298707,0.6934609341621399,0.09101271957159042
0,119,1.797813377380371,1.0142387700080873,0.6932751011848449,0.09029951751232147
0,120,1.790861177444458,1.006485459804535,0.693550992012024,0.09082473427057267
0,121,1.787734546661377,1.0047112488746643,0.69240642786026,0.09061688035726548
0,122,1.7895255088806152,1.0056709957122802,0.6928513932228089,0.09100311279296874
0,123,1.7877666997909545,1.0027516722679137,0.6927172207832336,0.09229781538248062
0,124,1.7839594793319702,1.0009686756134033,0.6922278642654419,0.09076294749975204
0,125,1.7873904037475585,1.004045581817627,0.692985782623291,0.09035904079675675
0,126,1.7761105060577393,0.9913583517074585,0.6924746966362,0.09227745234966278
0,127,1.784027271270752,1.0015250086784362,0.6922939538955688,0.09020829617977143
0,128,1.7791931295394898,0.9959508109092713,0.6916399645805359,0.0916023513674736
0,129,1.7845366144180297,1.000955810546875,0.6917356586456299,0.09184515148401261
0,130,1.788495078086853,1.0065964317321778,0.6917241024971008,0.09017454206943512
0,131,1.786082067489624,1.0045149040222168,0.6914458799362183,0.09012129426002502
0,132,1.7891352033615113,1.006830542087555,0.6909972882270813,0.09130734652280807
0,133,1.78642662525177,1.0068894195556641,0.6894923496246338,0.09004486501216888
0,134,1.7877554512023925,1.0071005725860596,0.6903253388404846,0.09032953530550003
0,135,1.7888222789764405,1.0069880628585814,0.6897841882705689,0.09205002516508103
0,136,1.7912151050567626,1.0138797903060912,0.6887007689476013,0.08863455832004546
0,137,1.769941520690918,0.9915285682678223,0.6874496984481812,0.09096326500177383
0,138,1.779778881072998,1.0015544152259828,0.6871080136299134,0.09111645758152008
0,139,1.771589651107788,0.9938496160507202,0.6872939419746399,0.09044610232114791
0,140,1.7765611553192138,1.0024757075309754,0.6834025239944458,0.09068292111158371
0,141,1.76750874042511,0.9961478066444397,0.6824086451530457,0.08895230233669281
0,142,1.7706185293197632,0.9975670981407165,0.6824356913566589,0.09061574578285217
0,143,1.7571434259414673,0.9860060644149781,0.6811547470092774,0.08998260408639908
0,144,1.7556950855255127,0.9890929937362671,0.6773918724060058,0.08921021789312363
0,145,1.734603443145752,0.9770882034301758,0.6718610644340515,0.08565418601036072
0,146,1.7185744619369507,0.9690483832359313,0.6630587506294251,0.08646733582019805
0,147,1.671092300415039,0.9423653626441956,0.6419881105422973,0.0867388367652893
0,148,1.5774362182617188,0.9167404580116272,0.581433265209198,0.07926250040531159
0,149,1.4873447227478027,0.8798387169837951,0.525846563577652,0.08165942594408988
0,150,1.382196912765503,0.8383935213088989,0.4661860728263855,0.07761730149388313
0,151,1.305044960975647,0.8061765861511231,0.42372647166252136,0.07514189898967744
0,152,1.2448366594314575,0.7839199757575989,0.3928726851940155,0.06804402008652687
0,153,1.165686674118042,0.746553430557251,0.3548657786846161,0.06426746159791946
0,154,1.1327080345153808,0.7382887864112854,0.33155056953430173,0.06286868274211883
0,155,1.1007177925109863,0.717554795742035,0.31857951641082766,0.06458348140120507
0,156,1.0790692853927613,0.71229989528656,0.3069726574420929,0.05979674145579338
0,157,1.0475984859466552,0.694494547843933,0.2946711575984955,0.058432770520448686
0,158,1.0376041173934936,0.6870560503005981,0.29165985584259035,0.0588882040977478
0,159,1.0091557335853576,0.669493715763092,0.28270440936088564,0.056957596987485884
0,160,0.997131884098053,0.6620097613334656,0.2771228349208832,0.05799929216504097
0,161,0.9732068681716919,0.6454330587387085,0.27388447046279907,0.053889331966638566
0,162,0.9479376983642578,0.6277785658836365,0.265400710105896,0.054758416563272475
0,163,0.9327325510978699,0.6145897388458252,0.2655487006902695,0.05259410992264748
0,164,0.9267571568489075,0.6087162113189697,0.26423402428627013,0.05380691543221474
0,165,0.9008483266830445,0.5920880126953125,0.2566677236557007,0.052092600464820865
0,166,0.9182202744483948,0.607053964138031,0.2574263662099838,0.05373994305729866
0,167,0.87299884557724,0.5763788032531738,0.24733488976955414,0.04928515911102295
0,168,0.8678628015518188,0.5695924735069275,0.24771174788475037,0.05055858209729194
0,169,0.843973433971405,0.5515910720825196,0.24432279884815217,0.04805955529212952
0,170,0.8277669167518615,0.5380356097221375,0.2418306428194046,0.047900653183460234
0,171,0.7967270946502686,0.5246491289138794,0.2279863339662552,0.04409163266420364
0,172,0.7990255641937256,0.525389872789383,0.2264501053094864,0.04718559503555298
0,173,0.7914025950431823,0.5238184487819671,0.22269222021102905,0.044891922771930694
0,174,0.760946135520935,0.5028673660755157,0.21605512738227844,0.04202364355325699
0,175,0.738085858821869,0.49170833110809326,0.2092119014263153,0.037165622487664224
0,176,0.7310923719406128,0.48258412480354307,0.2090047150850296,0.039503529593348505
0,177,0.7062483024597168,0.4726033246517181,0.1973976582288742,0.03624731831252575
0,178,0.6742987513542176,0.4503017234802246,0.18933782398700713,0.0346592003852129
0,179,0.664213616847992,0.44826696515083314,0.18213210880756378,0.03381454244256019
0,180,0.6493385028839112,0.4446339297294617,0.1729297012090683,0.03177487440407276
0,181,0.6299480891227722,0.43265394926071166,0.16677259504795075,0.030521541461348535
0,182,0.6263844108581543,0.4333228981494904,0.1612165915966034,0.03184492364525795
0,183,0.6117041349411011,0.4226722431182861,0.1599056363105774,0.029126248583197595
0,184,0.6020429491996765,0.41822153091430664,0.15531724214553833,0.028504179045557975
0,185,0.6124820756912231,0.4278911960124969,0.15411109685897828,0.030479784682393075
0,186,0.6050862336158752,0.42229684233665465,0.15029248535633088,0.03249691307544708
0,187,0.572874732017517,0.4025070142745972,0.1447039294242859,0.025663784742355346
0,188,0.5642827773094177,0.3958358371257782,0.1412140393257141,0.027232889980077744
0,189,0.5596954274177551,0.3953383100032806,0.1376306277513504,0.02672649599611759
0,190,0.545570170879364,0.3884082448482513,0.13295846462249755,0.024203462153673173
0,191,0.5472701096534729,0.3889221334457397,0.13254988193511963,0.025798098556697367
0,192,0.535399819612503,0.381255978345871,0.12945604145526887,0.024687805995345116
0,193,0.5238022708892822,0.3745633792877197,0.12587902963161468,0.023359862118959428
0,194,0.524720858335495,0.3763048803806305,0.12471024930477143,0.023705732747912406
0,195,0.514544757604599,0.37023283004760743,0.12162312924861908,0.02268879622220993
0,196,0.51044593334198,0.36779874086380004,0.11927853226661682,0.023368655554950237
0,197,0.5106094300746917,0.3662526571750641,0.11993188291788101,0.02442489005625248
0,198,0.5033554863929749,0.3641301488876343,0.11680383741855621,0.02242150329053402
0,199,0.49407114505767824,0.35787423014640807,0.11435648143291473,0.021840435415506364
0,200,0.4933964228630066,0.35707064390182497,0.1124457910656929,0.023879987113177778
0,201,0.49356257915496826,0.3593658411502838,0.11264207512140274,0.021554664149880408
0,202,0.48723483085632324,0.3536296987533569,0.11171211957931519,0.021893013343214987
0,203,0.47667537331581117,0.346779979467392,0.10863074541091919,0.021264649517834185
0,204,0.47773743987083434,0.34808638095855715,0.10868226915597916,0.02096878945827484
0,205,0.4725657069683075,0.3459564447402954,0.10591179370880127,0.020697467252612112
0,206,0.46727246046066284,0.3413739395141602,0.1048217287659645,0.021076791062951086
0,207,0.46106918931007385,0.33690376043319703,0.10311465471982956,0.021050774231553077
0,208,0.45487860798835755,0.33358263969421387,0.10222008258104325,0.019075885340571405
0,209,0.4530040454864502,0.33194918274879454,0.10136463165283204,0.019690232276916506
0,210,0.4561435580253601,0.33549688339233397,0.10002224653959274,0.020624429732561112
0,211,0.44610525608062745,0.3286346650123596,0.09891097903251649,0.01855961173772812
0,212,0.45156378507614137,0.33051472783088687,0.10011889725923538,0.020930164121091367
0,213,0.44080301880836487,0.32613076448440553,0.09574221044778825,0.018930046223104
0,214,0.43761302828788756,0.3233825528621674,0.09528527706861496,0.018945198729634283
0,215,0.42752287864685057,0.31639066576957703,0.0936344763636589,0.017497739642858504
0,216,0.4290326821804047,0.31822161316871644,0.09246715873479844,0.018343910947442053
0,217,0.42936120748519896,0.31838040113449095,0.0930734944343567,0.017907312847673895
0,218,0.4252939546108246,0.31726208329200745,0.09051575303077698,0.017516119852662087
0,219,0.4218900549411774,0.3114922332763672,0.0915051281452179,0.0188926887512207
0,220,0.41880332589149477,0.31208485722541807,0.09011283159255981,0.016605636104941368
1,1,2.571546630859375,1.5977665185928345,0.6941222739219666,0.2796577975153923
1,2,2.2950329971313477,1.5434119319915771,0.6932943916320801,0.058326684087514874
1,3,2.2219987964630126,1.484099359512329,0.6941189742088318,0.04378046423196793
1,4,2.0002342796325685,1.2096215772628784,0.6946078968048096,0.0960048171877861
1,5,1.8930792093276978,1.0949571466445922,0.6955279755592346,0.1025940704345703
1,6,1.8609684658050538,1.0684048891067506,0.69345463514328,0.09910894244909287
1,7,1.8611148023605346,1.0722813510894775,0.6934196519851684,0.09541379064321517
1,8,1.8498350811004638,1.0598833560943604,0.6944460511207581,0.09550567984580993
1,9,1.842382755279541,1.0563789510726929,0.6939615368843078,0.0920422625541687
1,10,1.8246365213394165,1.0374220848083495,0.6934341430664063,0.09378029197454453
1,11,1.8233743858337403,1.035444746017456,0.6935325908660889,0.09439706057310104
1,12,1.8236296272277832,1.0383003044128418,0.6933623814582824,0.09196693688631058
1,13,1.814592342376709,1.0272641491889953,0.6928455686569214,0.09448262482881546
1,14,1.823079309463501,1.0357336473464966,0.6936348652839661,0.09371079862117768
1,15,1.814807047843933,1.0290684413909912,0.6937186646461487,0.09201994597911835
1,16,1.8198594856262207,1.0308870911598205,0.6933707547187805,0.0956016457080841
1,17,1.8205755186080932,1.0344830417633057,0.6939197874069214,0.09217270195484162
1,18,1.8131503534317017,1.0264174818992615,0.693844473361969,0.0928884020447731
1,19,1.814965977668762,1.0273204469680786,0.6946732759475708,0.09297225028276443
1,20,1.8104037141799927,1.022947907447815,0.6934138774871826,0.09404191464185714
1,21,1.817170376777649,1.030151262283325,0.6938027167320251,0.09321638971567153
1,22,1.8115529346466064,1.0245073318481446,0.694405665397644,0.09263993114233017
1,23,1.8092376279830933,1.0229088592529296,0.6947711944580078,0.09155756920576096
1,24,1.807048282623291,1.0193318367004394,0.6935668992996216,0.09414954125881195
1,25,1.807917957305908,1.0218295884132385,0.6934819626808166,0.09260642021894455
1,26,1.8089858102798462,1.0213966131210328,0.6939711785316467,0.09361801862716675
1,27,1.8025461864471435,1.0165389037132264,0.6938151121139526,0.09219215422868729
1,28,1.8081146097183227,1.022798206806183,0.6941036486625671,0.09121275454759598
1,29,1.7864584445953369,0.9997816252708435,0.6937021875381469,0.09297461837530135
1,30,1.7910810804367066,1.0048725318908691,0.6932187700271606,0.09298978775739669
1,31,1.8024369955062867,1.0177562093734742,0.6933335971832275,0.09134720325469971
1,32,1.795977568626404,1.0115831351280213,0.6928170895576478,0.09157733023166656
1,33,1.7979189348220825,1.0138314080238342,0.6933091402053833,0.09077838599681855
1,34,1.7948786783218384,1.0111324286460877,0.6932070302963257,0.09053921848535537
1,35,1.7918547105789184,1.0045242738723754,0.6931114530563355,0.09421899914741516
1,36,1.7945799350738525,1.008207836151123,0.6946840953826904,0.09168801456689835
1,37,1.8008444356918334,1.0173340106010438,0.6934406161308289,0.09006979793310166
1,38,1.7927767086029052,1.008310887813568,0.6924850606918335,0.09198076725006103
1,39,1.7979296302795411,1.0143779349327087,0.692455358505249,0.09109634011983872
1,40,1.794366397857666,1.012023606300354,0.6923130106925964,0.0900297611951828
1,41,1.7947156190872193,1.0105663490295411,0.6924288940429687,0.09172038167715073
1,42,1.7941823625564575,1.011049497127533,0.6916687107086181,0.09146415919065476
1,43,1.7919638109207154,1.0113429141044616,0.6904811263084412,0.09013979732990265
1,44,1.7952176809310914,1.0119281029701233,0.690626585483551,0.09266300112009049
1,45,1.7934553146362304,1.011486885547638,0.691881718635559,0.09008670300245285
1,46,1.7903391981124879,1.0109460210800172,0.6886057615280151,0.09078740805387497
1,47,1.792855463027954,1.012342164516449,0.6894440174102783,0.09106926023960113
1,48,1.7888046026229858,1.0097737216949463,0.6874895739555359,0.09154132515192032
1,49,1.798605237007141,1.0193585538864136,0.6887179589271546,0.09052873075008393
1,50,1.7954415798187255,1.0201936054229737,0.6855494379997253,0.0896985536813736
1,51,1.783138370513916,1.0054572129249573,0.6855717253684998,0.0921094423532486
1,52,1.7741471433639526,1.000166311264038,0.6838432168960571,0.09013760656118393
1,53,1.7844931364059449,1.0053651881217958,0.6869944643974304,0.0921334907412529
1,54,1.7896808576583862,1.0104085874557496,0.6874316716194153,0.0918405905365944
1,55,1.7924557304382325,1.0125165820121764,0.6891570997238159,0.09078204452991485
1,56,1.782642560005188,1.004803819656372,0.6875367522239685,0.09030199110507965
1,57,1.7895437574386597,1.0110451865196228,0.6874907588958741,0.0910078164935112
1,58,1.7904577493667602,1.0105115818977355,0.6879282093048096,0.09201795399188996
1,59,1.7864101648330688,1.0092298936843873,0.6854211449623108,0.09175911962985993
1,60,1.7945757436752319,1.0109328055381774,0.6923495125770569,0.09129343837499619
1,61,1.7836023998260497,1.0111630368232727,0.6832831263542175,0.08915623277425766
1,62,1.7822392320632934,1.0018898272514343,0.6881459593772888,0.09220343142747879
1,63,1.792101068496704,1.011174111366272,0.6894256019592285,0.09150134295225143
1,64,1.786286835670471,1.0097916507720948,0.6866867733001709,0.08980840772390365
1,65,1.7838391876220703,1.0067726469039917,0.6852822613716125,0.09178428083658219
1,66,1.7779418087005616,1.000334041118622,0.6872743558883667,0.09033339440822602
1,67,1.7934177255630492,1.0152165818214416,0.6865414047241211,0.09165976583957672
1,68,1.7844503402709961,1.0073289847373963,0.6855410742759704,0.09158026605844498
1,69,1.7894444561004639,1.009396584033966,0.6878436541557312,0.09220421642065048
1,70,1.791865544319153,1.0096761512756347,0.6901964521408082,0.09199293702840805
1,71,1.7868619775772094,1.0081510829925537,0.6889960980415344,0.08971478462219239
1,72,1.7922874641418458,1.0155153632164002,0.6881365513801575,0.08863555401563644
1,73,1.790369815826416,1.0104637908935548,0.6878134059906006,0.09209263831377029
1,74,1.7917115116119384,1.0133081912994384,0.6872441935539245,0.09115912109613418
1,75,1.7840162515640259,1.00647789478302,0.6862403726577759,0.09129798382520676
1,76,1.7799496841430664,1.0028982377052307,0.6855623722076416,0.0914890792965889
1,77,1.779560785293579,1.0018934750556945,0.6865917515754699,0.09107554823160172
1,78,1.7856595087051392,1.0064532351493836,0.6872801113128663,0.09192616909742356
1,79,1.782601194381714,1.0060141777992249,0.6857416534423828,0.090845368206501
1,80,1.7904786777496338,1.0142723655700683,0.6865416526794433,0.08966464340686799
1,81,1.7885808372497558,1.0097872233390808,0.6873633241653443,0.09143029153347015
1,82,1.7837634181976318,1.0065045857429504,0.6864201807975769,0.09083864569664002
1,83,1.774785509109497,0.9996440529823303,0.6826101636886597,0.09253130435943603
1,84,1.7867726135253905,1.0103517031669618,0.6859815454483033,0.0904393720626831
1,85,1.7882753419876098,1.012762050628662,0.6850161147117615,0.09049718171358108
1,86,1.7841589879989623,1.0069607543945311,0.6859823727607727,0.09121586829423904
1,87,1.7855990839004516,1.0087305474281312,0.6866150045394898,0.09025351732969283
1,88,1.7884458541870116,1.008861403465271,0.6877568626403808,0.09182759076356888
1,89,1.7909636116027832,1.0111586666107177,0.6885396432876587,0.09126531392335892
1,90,1.7828133821487426,1.0067361283302307,0.6852264809608459,0.09085078120231628
1,91,1.7810636949539185,1.0050412344932556,0.6851799416542054,0.09084251224994659
1,92,1.7897971487045288,1.0152050352096558,0.6845950603485107,0.08999706029891968
1,93,1.77791175365448,1.0020574855804443,0.6844384551048279,0.09141583293676377
1,94,1.7848337697982788,1.0092169117927552,0.6857685256004333,0.08984833896160126
1,95,1.7787744808197021,0.9974979519844055,0.6877833938598633,0.09349312841892242
1,96,1.779979100227356,1.001989266872406,0.687223892211914,0.09076595366001129
1,97,1.7792574071884155,1.0026517772674561,0.685755364894867,0.09085027456283569
1,98,1.7843314790725708,1.005843014717102,0.6869235014915467,0.09156495988368989
1,99,1.782194275856018,1.0086996006965636,0.6842395162582398,0.08925516545772552
1,100,1.7900228357315064,1.0063711786270142,0.691196608543396,0.09245503574609756
1,101,1.7769776487350464,1.0015309190750121,0.6848182511329651,0.09062846302986145
1,102,1.785206551551819,1.0093927764892578,0.6842957043647766,0.0915180641412735
1,103,1.786401572227478,1.0074477577209473,0.689191951751709,0.08976185411214828
1,104,1.7844366979599,1.0072351622581481,0.6867304801940918,0.09047105491161346
1,105,1.7824214315414428,1.0038519620895385,0.6859897971153259,0.09257968187332154
1,106,1.7853425073623657,1.0088267469406127,0.685663321018219,0.09085245102643967
1,107,1.7898934602737426,1.011196928024292,0.6873706436157226,0.09132590889930725
1,108,1.7840328311920166,1.011801426410675,0.6815307879447937,0.09070061802864075
1,109,1.7783880472183227,1.0067717719078064,0.6822149252891541,0.08940135210752487
1,110,1.7827375173568725,1.0044114899635315,0.6858693528175354,0.09245666682720184
1,111,1.77788489818573,1.0020606875419618,0.6861853122711181,0.08963889718055724
1,112,1.7777256155014038,1.0006647849082946,0.6850549697875976,0.09200584799051285
1,113,1.7809845781326294,1.0055304527282716,0.6843057012557984,0.09114842057228088
1,114,1.783726568222046,1.0060215044021605,0.6858407092094422,0.09186436831951142
1,115,1.7787312173843384,1.002843554019928,0.6858235692977905,0.09006409466266632
1,116,1.773933811187744,0.9977250170707702,0.683592095375061,0.09261670708656311
1,117,1.7879228830337524,1.010476655960083,0.6879010558128357,0.08954517066478729
1,118,1.7853282594680786,1.0064219236373901,0.6886011028289795,0.09030524522066116
1,119,1.782300295829773,1.0054502940177918,0.6869742846488953,0.08987571477890015
1,120,1.7852603006362915,1.0046894502639772,0.6869784331321717,0.09359241157770157
1,121,1.7852172088623046,1.0106114506721497,0.6857254934310913,0.08888026386499405
1,122,1.7741050004959107,0.9993460178375244,0.6838584399223328,0.09090055882930756
1,123,1.775074667930603,0.9979075431823731,0.6857501196861268,0.09141700357198715
1,124,1.7624546670913697,0.9903286838531494,0.6826813340187072,0.08944461822509765
1,125,1.7539560413360595,0.9889198684692383,0.6756441831588745,0.08939199060201646
1,126,1.7237021684646607,0.9758278608322144,0.6591508078575135,0.08872349768877029
1,127,1.660054211616516,0.9456699705123901,0.6289006662368775,0.08548358827829361
1,128,1.548793954849243,0.9093228840827942,0.5548193502426148,0.08465170621871948
1,129,1.4248323631286621,0.8623917126655578,0.4840362250804901,0.07840441405773163
1,130,1.3382563018798828,0.8350794172286987,0.4271115756034851,0.07606531232595444
1,131,1.2672026824951172,0.8132238531112671,0.38208361268043517,0.07189522936940193
1,132,1.2306014108657837,0.8036159992218017,0.3548965299129486,0.07208887964487076
1,133,1.1851580762863159,0.7888018989562988,0.3281355106830597,0.06822067007422447
1,134,1.16918888092041,0.7821174836158753,0.31941214084625247,0.067659250497818
1,135,1.1429651975631714,0.7748300337791443,0.2997890448570251,0.06834611073136329
1,136,1.117165174484253,0.7632344532012939,0.2883531785011291,0.06557752400636672
1,137,1.1003490829467772,0.7618002581596375,0.27441383004188535,0.06413498356938362
1,138,1.0768206596374512,0.7516642189025879,0.26269022703170775,0.06246622040867805
1,139,1.060067105293274,0.7429936027526856,0.2552157253026962,0.06185776814818382
1,140,1.0502289700508118,0.7441947078704834,0.2439507758617401,0.06208348348736763
1,141,1.0474421644210816,0.739462788105011,0.24515130043029784,0.06282806754112244
1,142,1.0574364924430848,0.7450442290306092,0.2493121349811554,0.06308014914393426
1,143,1.0116868090629578,0.727769980430603,0.22578542947769165,0.05813140258193016
1,144,0.9963996911048889,0.717584867477417,0.21827673852443696,0.0605380779504776
1,145,0.9947002339363098,0.7182794737815857,0.21740476310253143,0.059015995115041735
1,146,0.994379346370697,0.7169683146476745,0.21694257020950317,0.06046847000718117
1,147,0.9832194924354554,0.7130728602409363,0.2118128740787506,0.05833375737071037
1,148,0.977846896648407,0.7134319925308228,0.2077341377735138,0.056680765599012375
1,149,0.9689702367782593,0.7074394702911377,0.2037639421224594,0.05776682376861572
1,150,0.9576856541633606,0.7013520240783692,0.19907905638217926,0.05725457072257996
1,151,0.9668105316162109,0.7147047209739685,0.19350385904312134,0.05860194444656372
1,152,0.9610793423652649,0.7093038654327393,0.1952549284696579,0.05652055844664574
1,153,0.9502945327758789,0.7046521711349487,0.18910363018512727,0.056538731157779694
1,154,0.937237205505371,0.6892993116378784,0.1915232467651367,0.056414650231599806
1,155,0.9490189790725708,0.7021667861938476,0.1889317512512207,0.057920441031455994
1,156,0.9433743524551391,0.6939221549034119,0.19202659606933595,0.057425607740879056
1,157,0.9361555480957031,0.6972250580787659,0.18478454947471618,0.05414594575762749
1,158,0.9259042763710021,0.6864793181419373,0.18193251132965088,0.0574924473464489
1,159,0.9250541138648987,0.6881543612480163,0.1809621775150299,0.05593757212162018
1,160,0.9323673152923584,0.6978324580192566,0.17755137026309967,0.05698348745703697
1,161,0.933757164478302,0.7010030007362366,0.1771910434961319,0.05556311383843422
1,162,0.9238260364532471,0.6924106311798096,0.1767025810480118,0.05471282631158829
1,163,0.9267702293395996,0.6963395929336548,0.17600051522254945,0.054430126994848255
1,164,0.9332301235198974,0.6973122382164001,0.17644791960716247,0.05946996554732323
1,165,0.9194966173171997,0.68646653175354,0.17843048810958861,0.05459959611296654
1,166,0.9295234918594361,0.6960031723976136,0.17575593471527098,0.05776438996195793
1,167,0.9162123417854309,0.688396360874176,0.17127545773983002,0.05654052898287773
1,168,0.9119358086585998,0.6885480642318725,0.16907721519470215,0.0543105274438858
1,169,0.9172825670242309,0.6890754914283752,0.17244891345500946,0.05575815945863724
1,170,0.9113195323944092,0.6893901038169861,0.1676880818605423,0.05424134984612465
1,171,0.9132231211662293,0.6863133358955383,0.17074600875377655,0.05616377308964729
1,172,0.9055772089958191,0.6864781880378723,0.1645235139131546,0.05457551687955856
1,173,0.8938336706161499,0.6793406319618225,0.16137695968151092,0.05311608389019966
1,174,0.916177110671997,0.691077265739441,0.16927750468254088,0.05582233488559723
1,175,0.8982169580459595,0.6805329608917237,0.16432915270328521,0.05335484713315964
1,176,0.8980988502502442,0.6793092346191406,0.1628599739074707,0.05592964515089989
1,177,0.9055142140388489,0.6911952519416809,0.16169058740139008,0.05262837797403336
1,178,0.9034422206878662,0.6836609816551209,0.1646118462085724,0.05516938880085945
1,179,0.8903302907943725,0.6796842908859253,0.15640267193317414,0.05424333438277244
1,180,0.898935604095459,0.6799721717834473,0.163557248711586,0.05540618643164635
1,181,0.9022859168052674,0.6872579741477967,0.16100418269634248,0.054023769497871396
1,182,0.9000480246543884,0.683710675239563,0.1615220993757248,0.05481524795293808
1,183,0.8830271911621094,0.670856487751007,0.15880218386650086,0.053368523567914966
1,184,0.8881273984909057,0.6740119099617005,0.15990887045860291,0.054206608831882476
1,185,0.8897788453102112,0.6775798583030701,0.1578165513277054,0.054382441639900206
1,186,0.8803741478919983,0.6730545425415039,0.15359960317611696,0.05372000515460968
1,187,0.8890305233001708,0.676979911327362,0.1578730720281601,0.054177546799182894
1,188,0.8917900800704956,0.6829535698890686,0.15362083435058593,0.05521567389369011
1,189,0.8804635000228882,0.6751314759254455,0.1531373977661133,0.05219463244080544
1,190,0.8856119251251221,0.6809033083915711,0.15083946526050568,0.053869156539440154
1,191,0.8685300254821777,0.6652048683166504,0.15168541371822358,0.05163974523544312
1,192,0.8828400754928589,0.6779573488235474,0.14917870104312897,0.05570401787757873
1,193,0.8809289860725403,0.6749944758415222,0.15329634189605712,0.05263816714286804
1,194,0.8921780824661255,0.6833496212959289,0.15397707343101502,0.05485138699412346
1,195,0.8774373149871826,0.6720413279533386,0.15034524202346802,0.05505074426531792
1,196,0.8768268918991089,0.6731881523132324,0.14974234044551848,0.05389640524983406
1,197,0.8638385510444642,0.6633551836013794,0.1474081927537918,0.05307517558336258
1,198,0.8722031211853027,0.670576274394989,0.14829831838607788,0.05332853138446808
1,199,0.8614171648025513,0.6665254402160644,0.14219484448432923,0.052696878612041476
1,200,0.8691014647483826,0.6677647399902343,0.14814601063728333,0.053190714716911315
1,201,0.8834444212913514,0.6776084876060486,0.15019505739212036,0.05564088299870491
1,202,0.8668459820747375,0.6671111512184144,0.14724284112453462,0.05249199151992798
1,203,0.8764162158966065,0.6784939432144165,0.1436369526386261,0.05428532496094704
1,204,0.8789661788940429,0.6726672887802124,0.14967821002006532,0.05662068009376526
1,205,0.8723454332351684,0.6738827061653138,0.14622177839279174,0.05224094837903977
1,206,0.876644823551178,0.6758198165893554,0.14665209531784057,0.054172912687063215
1,207,0.8770247626304627,0.6726733016967773,0.1498361998796463,0.05451525926589966
1,208,0.8669264435768127,0.6697780394554138,0.145350883603096,0.05179752334952355
1,209,0.8656168627738953,0.6632379412651062,0.14764097332954407,0.054737955033779144
1,210,0.8601799154281616,0.6635431933403015,0.14489140391349792,0.05174531832337379
1,211,0.8704639220237732,0.6743763709068298,0.145029998421669,0.05105756089091301
1,212,0.8732108664512634,0.6749095439910888,0.14443947196006776,0.053861847817897796
1,213,0.8678234505653382,0.6717202353477478,0.14186441361904145,0.05423880308866501
1,214,0.8641963124275207,0.6674106240272522,0.1455598771572113,0.05122580960392952
1,215,0.8540997004508972,0.6590631675720214,0.14054610669612885,0.05449043095111847
1,216,0.8575449895858764,0.6590759754180908,0.1470444393157959,0.05142456978559494
1,217,0.8644599437713623,0.6654622507095337,0.1465528678894043,0.05244482845067978
1,218,0.8673627734184265,0.6720561504364013,0.1428229284286499,0.052483699768781665
1,219,0.8557990264892578,0.6636930060386658,0.1389927577972412,0.05311325967311859
1,220,0.8690722227096558,0.6737641525268555,0.1431634545326233,0.0521446031332016
2,1,2.474587059020996,1.5706204652786255,0.6946497368812561,0.2093168853223324
2,2,2.2827473163604735,1.5372592687606812,0.6934645295143127,0.052023507356643676
2,3,2.217143249511719,1.4810036516189575,0.6937870240211487,0.042352582067251204
2,4,2.0081698942184447,1.2268877220153809,0.6936299848556519,0.08765219032764435
2,5,1.8940814971923827,1.0960071849822999,0.6934296131134033,0.10464470624923707
2,6,1.8643035221099853,1.0695943021774292,0.693496265411377,0.10121294379234314
2,7,1.855617094039917,1.0662251329421997,0.693175904750824,0.09621606230735778
2,8,1.8477515935897828,1.058858880996704,0.693408305644989,0.09548440366983414
2,9,1.8403145503997802,1.0536526536941528,0.6932604026794433,0.09340150654315948
2,10,1.825626711845398,1.0370589303970337,0.693528254032135,0.09503953516483307
2,11,1.8341304397583007,1.0476279163360596,0.6937844610214233,0.09271805197000503
2,12,1.821070499420166,1.0331489729881287,0.6936086416244507,0.0943128851056099
2,13,1.8304293632507325,1.0435938549041748,0.6934558057785034,0.09337969720363617
2,14,1.8177993154525758,1.031427412033081,0.6933480906486511,0.09302381694316864
2,15,1.8202232503890992,1.0336216592788696,0.693559353351593,0.093042231798172
2,16,1.8147096014022828,1.027200789451599,0.693742253780365,0.09376657694578171
2,17,1.8154475116729736,1.0282980823516845,0.693632743358612,0.09351669758558273
2,18,1.8082377529144287,1.021173906326294,0.6930956697463989,0.09396818399429321
2,19,1.8084886837005616,1.0207372736930846,0.6932366800308227,0.09451471567153931
2,20,1.809675784111023,1.0223330783843994,0.6935556364059449,0.093787083029747
2,21,1.8124100732803345,1.0253716707229614,0.6932738304138184,0.09376456707715988
2,22,1.7995841646194457,1.0134099793434144,0.6930167531967163,0.09315742373466492
2,23,1.7989414024353028,1.01453519821167,0.6909463667869568,0.09345984071493149
2,24,1.7993616914749146,1.0145777893066406,0.6905945920944214,0.09418932735919952
2,25,1.8008775520324707,1.0185579657554626,0.6905906271934509,0.09172896534204483
2,26,1.7984100246429444,1.0166975450515747,0.6875587248802185,0.094153753221035
2,27,1.8036270618438721,1.0254395890235901,0.6880856823921203,0.09010179698467255
2,28,1.7892695236206055,1.012927734851837,0.6838828468322754,0.09245893746614456
2,29,1.7915387487411498,1.0079753398895264,0.6908385610580444,0.09272484540939331
2,30,1.7962251234054565,1.017708306312561,0.6868948864936829,0.09162192016839982
2,31,1.7994473123550414,1.0219156074523925,0.6869354963302612,0.09059620946645737
2,32,1.7891161394119264,1.0129100227355956,0.685714659690857,0.09049145996570587
2,33,1.795787582397461,1.0151623845100404,0.6883148336410523,0.0923103404045105
2,34,1.7866650438308715,1.0087484192848206,0.6870641732215881,0.09085245400667191
2,35,1.7887966060638427,1.008892424106598,0.6861533069610596,0.0937508675456047
2,36,1.7899742746353149,1.012028579711914,0.6875146722793579,0.09043101549148559
2,37,1.7883606767654419,1.010558934211731,0.6865789389610291,0.09122280985116958
2,38,1.7987044143676758,1.0215447521209717,0.6875379800796508,0.08962168008089065
2,39,1.784268708229065,1.0079143857955932,0.685225088596344,0.09112923681735992
2,40,1.795273871421814,1.0147936272621154,0.6882119989395141,0.09226824104785919
2,41,1.79606219291687,1.0175155448913573,0.6876061654090881,0.09094050318002701
2,42,1.8003872585296632,1.0215038132667542,0.6878812575340271,0.09100217521190643
2,43,1.7814715433120727,1.0067323803901673,0.6848430585861206,0.08989608764648438
2,44,1.7934126710891725,1.014237425327301,0.6879582595825195,0.09121699035167694
2,45,1.7806735849380493,1.0051784706115723,0.6846218085289002,0.09087328910827637
2,46,1.7786413478851317,0.9995614409446716,0.6856419229507447,0.09343797892332077
2,47,1.7934256839752196,1.016552038192749,0.6872341084480286,0.0896395406126976
2,48,1.7842403173446655,1.0070630097389222,0.6847355270385742,0.09244177550077438
2,49,1.7819017791748046,1.006507589817047,0.6850225162506104,0.09037168711423874
2,50,1.7927937841415404,1.0135179519653321,0.6885859298706055,0.09068989753723145
2,51,1.7934041738510131,1.018085904121399,0.6858682322502136,0.08945003598928451
2,52,1.7897910594940185,1.0092172932624817,0.6885566711425781,0.09201710999011993
2,53,1.793661847114563,1.0140302777290344,0.6874962639808655,0.09213529109954834
2,54,1.7847326612472534,1.0059544944763184,0.6880048727989196,0.09077330589294434
2,55,1.7794511604309082,1.0031003308296205,0.6842599844932556,0.09209083437919617
2,56,1.7881767463684082,1.008970901966095,0.6885911321640015,0.09061470568180084
2,57,1.7875510454177856,1.0079543232917785,0.6882025909423828,0.09139413446187973
2,58,1.7833994770050048,1.0062763714790344,0.6853136610984802,0.09180946052074432
2,59,1.7844821691513062,1.0050171399116516,0.6877231764793396,0.09174184232950211
2,60,1.7879874610900879,1.0111007070541382,0.6866249108314514,0.09026183605194092
2,61,1.7822081899642945,1.0040399098396302,0.6866882586479187,0.09148001700639724
2,62,1.7849374151229858,1.0081518244743348,0.6857968282699585,0.09098877727985383
2,63,1.796160445213318,1.0194438648223878,0.6860611200332641,0.09065543442964553
2,64,1.7853596496582032,1.006306209564209,0.6881571173667907,0.09089631974697113
2,65,1.78589186668396,1.0084545230865478,0.6855109286308289,0.09192640483379363
2,66,1.7869828605651856,1.0100636434555055,0.6863009452819824,0.0906182897090912
2,67,1.7815783309936524,1.0026295900344848,0.6865093278884887,0.09243941634893417
2,68,1.7825163841247558,1.0048656177520752,0.6876292848587036,0.09002147525548936
2,69,1.7780840396881104,1.0007456564903259,0.6854012322425842,0.09193715900182724
2,70,1.7785688018798829,1.0017704057693482,0.685349645614624,0.09144874840974808
2,71,1.7838820695877076,1.0077791619300842,0.6851666760444641,0.09093622028827668
2,72,1.7847993516921996,1.0091185355186463,0.6858388948440551,0.089841930270195
2,73,1.7840980339050292,1.005856475830078,0.6868646764755248,0.09137690544128418
2,74,1.7889759588241576,1.010753242969513,0.6863517713546753,0.09187093585729598
2,75,1.7908953094482423,1.0137066769599914,0.6861089706420899,0.09107965707778931
2,76,1.7784288787841798,1.0008215999603272,0.6858149337768554,0.09179235368967056
2,77,1.7826205730438232,1.005134677886963,0.6868167233467102,0.09066917926073075
2,78,1.7820404720306398,1.0041801810264588,0.6868635606765747,0.09099670588970184
2,79,1.7847330379486084,1.0080430030822753,0.6841390490531921,0.09255099654197693
2,80,1.7891797161102294,1.0065516066551208,0.6905631875991821,0.09206491768360138
2,81,1.7851238584518432,1.0095819735527038,0.6871266865730286,0.08841520845890045
2,82,1.7879508304595948,1.009205014705658,0.6864639043807983,0.09228192150592804
2,83,1.7876023483276366,1.0092336249351501,0.6880203723907471,0.09034834980964661
2,84,1.7831726455688477,1.0082761359214782,0.6840742516517639,0.09082227200269699
2,85,1.7851930379867553,1.0063036108016967,0.6881009149551391,0.0907885017991066
2,86,1.7946217346191407,1.0159207487106323,0.6881542921066284,0.09054670214653016
2,87,1.7954835891723633,1.0189840078353882,0.6862178707122802,0.09028171181678772
2,88,1.793492422103882,1.0185457348823548,0.6842760014533996,0.09067068904638291
2,89,1.7894150161743163,1.0141733717918395,0.6847622275352478,0.09047944009304047
2,90,1.7824428415298461,1.0054546570777894,0.6859478712081909,0.09104030042886734
2,91,1.7864892721176147,1.0115332078933716,0.6856439423561096,0.08931213617324829
2,92,1.793994107246399,1.0165317249298096,0.6866980791091919,0.09076429396867752
2,93,1.7903300762176513,1.0111641025543212,0.6879199385643006,0.09124603182077408
2,94,1.7817361116409303,1.0044913125038146,0.6854714703559875,0.09177331209182739
2,95,1.7844838523864746,1.0067097306251527,0.6859757804870605,0.09179834127426148
2,96,1.7860123777389527,1.0091895937919617,0.6867142605781555,0.09010852038860322
2,97,1.7840056467056273,1.0075269651412964,0.6856410193443299,0.09083766430616379
2,98,1.773363833427429,0.9945764923095703,0.6863446903228759,0.09244265109300613
2,99,1.780361065864563,1.0025161933898925,0.6873064255714416,0.09053842395544053
2,100,1.7792946290969849,1.003840765953064,0.6836647439002991,0.0917891177535057
2,101,1.7799106025695801,1.0004377222061158,0.6872970986366272,0.09217578321695327
2,102,1.791544508934021,1.0130782413482666,0.6872444081306458,0.0912218526005745
2,103,1.779447956085205,1.002206392288208,0.6876045823097229,0.08963698267936707
2,104,1.7765385818481445,0.99795405626297,0.6854986548423767,0.09308588057756424
2,105,1.7806823587417602,1.0036214661598206,0.6855592679977417,0.09150161296129226
2,106,1.7822545623779298,1.0055488491058349,0.6855720663070679,0.09113363355398178
2,107,1.780352339744568,1.0022225308418273,0.6865235495567322,0.0916062492132187
2,108,1.7839163875579833,1.008935396671295,0.6849136877059937,0.0900673171877861
2,109,1.786735906600952,1.0087007999420166,0.687890636920929,0.09014445334672928
2,110,1.7927089357376098,1.0130868911743165,0.689227488040924,0.09039453208446503
2,111,1.7853638124465943,1.0077525615692138,0.6851158380508423,0.09249540120363235
2,112,1.7928425884246826,1.0143236875534059,0.6890211892127991,0.08949770122766494
2,113,1.7860801649093627,1.011736569404602,0.6847914147377014,0.08955219000577927
2,114,1.783211245536804,1.003059949874878,0.6884545254707336,0.09169678658246994
2,115,1.7757186269760132,1.0035350680351258,0.6812899398803711,0.09089363455772399
2,116,1.784072632789612,1.0059934639930725,0.6876583290100098,0.0904208379983902
2,117,1.7850001096725463,1.0071960759162903,0.6866670727729798,0.09113694876432418
2,118,1.7841849470138549,1.006675624847412,0.6871441960334778,0.09036513537168503
2,119,1.7809237575531005,1.0019241571426392,0.6885043072700501,0.09049529612064361
2,120,1.7730676794052125,0.9964001965522766,0.6851398158073425,0.0915276649594307
2,121,1.7785565185546874,1.005742073059082,0.6823021340370178,0.09051230192184448
2,122,1.773294939994812,0.9976887583732605,0.6839696407318115,0.09163654714822769
2,123,1.7761685895919799,1.0025198078155517,0.6823288154602051,0.09131994426250457
2,124,1.7676851511001588,0.994702959060669,0.6852393054962158,0.08774290055036545
2,125,1.7643553876876832,0.9931715488433838,0.6806190061569214,0.09056480944156647
2,126,1.7530602836608886,0.9921841549873353,0.6745551943778991,0.08632094293832779
2,127,1.7290174436569214,0.9720078182220458,0.6682634973526,0.08874613404273987
2,128,1.7087987565994263,0.9627738475799561,0.6589926600456237,0.08703224837779999
2,129,1.6474669885635376,0.9257326459884644,0.6389441275596619,0.08279023617506027
2,130,1.5702463006973266,0.889503436088562,0.6032918381690979,0.07745102480053902
2,131,1.4703144359588622,0.8469873404502869,0.5420796298980712,0.08124746650457382
2,132,1.3854767370224,0.8247353959083558,0.49017677545547483,0.07056454598903655
2,133,1.2974657154083251,0.7874982881546021,0.43798149704933165,0.07198592141270638
2,134,1.2459232187271119,0.7833873462677002,0.3967645764350891,0.0657713034749031
2,135,1.206308045387268,0.7751319837570191,0.3657708203792572,0.06540522873401641
2,136,1.1867820310592652,0.7735313510894776,0.3478926992416382,0.06535799160599709
2,137,1.1638217067718506,0.7651477241516114,0.33344244956970215,0.0652315378189087
2,138,1.1311881256103515,0.7482512855529785,0.31547760844230655,0.06745922639966011
2,139,1.1065254640579223,0.7453377151489258,0.29882320523262024,0.06236455351114273
2,140,1.0820645713806152,0.7325727128982544,0.2870788395404816,0.062413008213043214
2,141,1.0735977935791015,0.732261438369751,0.27844528675079344,0.06289106965065003
2,142,1.0818357110023498,0.7379048824310303,0.2778219640254974,0.06610886886715889
2,143,1.052333517074585,0.7138782477378846,0.2756452018022537,0.06281007185578347
2,144,1.05453631401062,0.7281272244453431,0.2673862648010254,0.059022833108901974
2,145,1.0313577723503113,0.7114690613746643,0.2581960880756378,0.06169261634349823
2,146,1.034488968849182,0.7185618543624878,0.25611111462116243,0.05981600046157837
2,147,1.0314239239692689,0.716661024093628,0.25453688502311705,0.060226022452116015
2,148,1.0219970726966858,0.7146071815490722,0.24790331244468689,0.059486580044031144
2,149,1.0028595495224,0.7039171719551086,0.23971034824848175,0.05923202693462372
2,150,0.9967227673530579,0.6990524077415466,0.2407204556465149,0.056949905008077624
2,151,1.009056053161621,0.7050072503089905,0.24267816424369812,0.061370634883642194
2,152,1.0065195441246033,0.7044757628440856,0.2411373734474182,0.060906403958797456
2,153,1.0031235122680664,0.7133464217185974,0.22941802978515624,0.06035905465483665
2,154,0.9952114844322204,0.7069627213478088,0.22983907043933868,0.05840969324111939
2,155,1.00506178855896,0.7107006072998047,0.23235629737377167,0.062004885226488116
2,156,1.0083223462104798,0.7072837209701538,0.2396402782201767,0.0613983428478241
2,157,1.0002297735214234,0.7085863184928894,0.23136096954345703,0.06028248742222786
2,158,0.9950024652481079,0.7067347311973572,0.22898783802986145,0.059279884397983554
2,159,0.9751706027984619,0.6994379472732544,0.21697190403938293,0.05876075655221939
2,160,0.9786046242713928,0.7066931414604187,0.21553816258907318,0.05637331932783127
2,161,0.9786060643196106,0.7039552927017212,0.2155447793006897,0.05910598859190941
2,162,0.971439151763916,0.7027888751029968,0.21078666865825654,0.05786360815167427
2,163,0.9709532690048218,0.7042684817314148,0.20733972787857055,0.05934504553675651
2,164,0.9633874988555908,0.7002027130126953,0.2054202800989151,0.05776451021432877
2,165,0.9616411399841308,0.6997455811500549,0.20464936375617981,0.05724620565772057
2,166,0.9645586323738098,0.7024566102027893,0.20398389518260956,0.05811813861131668
2,167,0.9428079795837402,0.6855945229530335,0.2012636524438858,0.05594980105757713
2,168,0.9531934523582458,0.6915143513679505,0.20203812897205353,0.05964098259806633
2,169,0.9593326163291931,0.70160893201828,0.19988986611366272,0.057833815962076186
2,170,0.9346848917007446,0.6840262341499329,0.19558944165706635,0.055069213807582854
2,171,0.9494625329971313,0.6970394468307495,0.19538083910942078,0.05704224705696106
2,172,0.9390203213691711,0.6938681483268738,0.1895362514257431,0.05561591982841492
2,173,0.9410622668266296,0.6911572027206421,0.19262566566467285,0.05727940768003464
2,174,0.9430350184440612,0.7006048154830933,0.1875173282623291,0.05491287052631378
2,175,0.936577308177948,0.6906749439239502,0.18939074516296386,0.05651161745190621
2,176,0.9227227020263672,0.6814373993873596,0.1856599509716034,0.05562535673379898
2,177,0.9336458706855774,0.6909847712516785,0.18525557696819306,0.057405515909194946
2,178,0.9422307586669922,0.6955063509941101,0.1897791862487793,0.05694522231817246
2,179,0.9237311434745789,0.6841797089576721,0.1848212206363678,0.05473021492362022
2,180,0.9233796763420105,0.686665632724762,0.18010453879833221,0.05660950303077698
2,181,0.9311636304855346,0.6955893301963806,0.17871854960918426,0.056855745911598206
2,182,0.9146211194992065,0.6826406383514404,0.17688225090503693,0.05509823113679886
2,183,0.9179976773262024,0.6804432940483093,0.18020322322845458,0.05735117092728615
2,184,0.9309590482711791,0.6960708808898926,0.1787502211332321,0.05613794788718224
2,185,0.9137886571884155,0.6820569014549256,0.1767100489139557,0.05502170562744141
2,186,0.9277323460578919,0.6957970070838928,0.17483434617519378,0.057100991010665895
2,187,0.9142109179496765,0.6810726833343506,0.17776086866855623,0.05537737056612969
2,188,0.9007496786117554,0.6714164471626282,0.17439248502254487,0.054940747171640394
2,189,0.9149029660224914,0.687522964477539,0.1714776611328125,0.05590234249830246
2,190,0.9177045130729675,0.693704354763031,0.1697958642244339,0.05420429855585098
2,191,0.9057715582847595,0.6809344577789307,0.17026090145111084,0.054576199948787686
2,192,0.9157041573524475,0.6904871439933777,0.17006696164608,0.05515004724264145
2,193,0.9052503275871276,0.6833647680282593,0.16771541237831117,0.05417014330625534
2,194,0.902236909866333,0.67817129611969,0.17049554646015166,0.05357007294893265
2,195,0.9003755879402161,0.6772369027137757,0.1674180543422699,0.055720627307891846
2,196,0.8931654739379883,0.6735356187820435,0.16520027220249175,0.054429582804441455
2,197,0.902226357460022,0.680152976512909,0.16613688051700592,0.055936505645513536
2,198,0.9018255043029785,0.6818868207931519,0.1646907138824463,0.05524795934557915
2,199,0.8904629445075989,0.6725635504722596,0.16540255784988403,0.05249684676527977
2,200,0.8962157535552978,0.6766802644729615,0.16606779098510743,0.053467697501182555
2,201,0.8859809947013855,0.6692380237579346,0.16395191788673402,0.05279105201363563
2,202,0.8920395946502686,0.6742817330360412,0.16392506301403045,0.053832797706127165
2,203,0.899630274772644,0.6822070336341858,0.16332331717014312,0.05409991726279259
2,204,0.8926926231384278,0.6739895844459534,0.16242729842662812,0.05627573147416115
2,205,0.8882007575035096,0.6717717266082763,0.1631579154729843,0.05327111810445786
2,206,0.8894258689880371,0.6707164025306702,0.1639019203186035,0.05480753928422928
2,207,0.8841537189483643,0.6691772985458374,0.16290970683097838,0.05206671327352524
2,208,0.883038272857666,0.6655622220039368,0.16207506537437438,0.05540098547935486
2,209,0.8569977641105652,0.6497233176231384,0.1564115834236145,0.05086285948753357
2,210,0.8817395544052125,0.6648413681983948,0.16229701280593872,0.05460118234157562
2,211,0.8610416150093079,0.646911518573761,0.1616625225543976,0.052467579245567324
2,212,0.8825856757164001,0.667095205783844,0.16202428579330444,0.05346618250012398
2,213,0.8879910469055176,0.6712295484542846,0.16191065788269043,0.05485083609819412
2,214,0.8782582330703735,0.6630603456497193,0.16085975170135497,0.054338134676218036
2,215,0.8817544722557068,0.6693161511421204,0.15838755249977113,0.05405076548457146
2,216,0.8713341856002808,0.6595545983314515,0.15886059820652007,0.0529189895093441
2,217,0.875796549320221,0.6591413950920105,0.16193923234939575,0.0547159169614315
2,218,0.8684021997451782,0.6509714365005493,0.16424273550510407,0.05318802624940872
2,219,0.8712130808830261,0.6563459110260009,0.16125913679599763,0.05360803976655006
2,220,0.8593987488746643,0.6454395794868469,0.1607785040140152,0.053180670142173765
3,1,2.52297155380249,1.5763856983184814,0.6933929395675659,0.2531929183006287
3,2,2.284657192230225,1.5385151529312133,0.693478639125824,0.05266337275505066
3,3,2.217899589538574,1.4821167850494386,0.6934094905853272,0.04237332910299301
3,4,2.000085859298706,1.220766658782959,0.6933998107910156,0.08591938063502312
3,5,1.878565902709961,1.0822301054000854,0.6933315753936767,0.10300423473119735
3,6,1.8602730798721314,1.069459981918335,0.6937392091751099,0.0970738998055458
3,7,1.8530732011795044,1.062078537940979,0.693453676700592,0.09754098176956177
3,8,1.841194233894348,1.0530064296722412,0.6943040323257447,0.09388377159833908
3,9,1.8310155868530273,1.0411442708969116,0.6934601020812988,0.09641120821237564
3,10,1.8323015260696411,1.0454497528076172,0.6939681482315063,0.09288363218307495
3,11,1.8242390727996827,1.0364088010787964,0.6933197259902955,0.0945105555653572
3,12,1.8258559322357177,1.038573670387268,0.693815426826477,0.09346679747104644
3,13,1.8240458679199218,1.0367409420013427,0.6933800840377807,0.09392485201358795
3,14,1.8213763380050658,1.0335094285011293,0.6936613488197326,0.0942055681347847
3,15,1.8138308238983154,1.027264952659607,0.6938315963745117,0.09273428857326507
3,16,1.8164618349075317,1.0301574158668518,0.6932023859024048,0.09310203313827514
3,17,1.811993441581726,1.0244311428070068,0.6935936880111694,0.0939686158299446
3,18,1.8064408111572265,1.0183006572723388,0.6931341862678528,0.09500596076250076
3,19,1.8109324884414673,1.0240431547164917,0.6942191290855407,0.0926702144742012
3,20,1.8157739877700805,1.0289932489395142,0.6935501074790955,0.09323061436414719
3,21,1.8081899642944337,1.020005269050598,0.693200855255127,0.09498385578393936
3,22,1.8141287279129028,1.0284134483337402,0.6931983542442322,0.09251691430807113
3,23,1.7951281785964965,1.0088264894485475,0.6934469485282898,0.0928547465801239
3,24,1.805781168937683,1.0196769976615905,0.6927061223983765,0.09339802414178848
3,25,1.8076133632659912,1.0206044030189514,0.6946385192871094,0.09237044185400009
3,26,1.8067496585845948,1.0228425359725952,0.6930287671089173,0.09087836027145385
3,27,1.8001710510253905,1.012678210735321,0.6933287692070007,0.09416407316923142
3,28,1.7950096035003662,1.0096492552757264,0.6932602095603942,0.09210011780261994
3,29,1.7946978330612182,1.0086266565322877,0.6927748131752014,0.09329636424779891
3,30,1.800735092163086,1.0139356470108032,0.6937042427062988,0.09309520214796066
3,31,1.80229679107666,1.0200160622596741,0.6931378674507142,0.08914285808801652
3,32,1.7879078769683838,1.0007066869735717,0.69332768201828,0.09387350231409072
3,33,1.7932477807998657,1.0078554511070252,0.6936128854751586,0.09177945584058761
3,34,1.7975657415390014,1.0113115835189819,0.6930743432044983,0.09317981153726577
3,35,1.7907825326919555,1.0045504355430603,0.6937839913368226,0.09244810074567794
3,36,1.8010142421722413,1.014982032775879,0.6946660113334656,0.09136620372533798
3,37,1.800546326637268,1.0156845951080322,0.6937322425842285,0.09112948149442673
3,38,1.793039026260376,1.008634192943573,0.6930308556556701,0.0913739737868309
3,39,1.7946660232543945,1.009781720638275,0.6933080744743347,0.09157622307538986
3,40,1.7937237310409546,1.010268921852112,0.6933728384971619,0.0900819617509842
3,41,1.7964863061904908,1.011360626220703,0.6932981038093566,0.09182757437229157
3,42,1.7966768217086793,1.0126480197906493,0.6933532667160034,0.09067553848028183
3,43,1.7927046871185304,1.0075522947311402,0.6937341547012329,0.09141820728778839
3,44,1.7904378652572632,1.00333824634552,0.6937697887420654,0.09332982778549194
3,45,1.7866254949569702,1.0017359042167664,0.6933611440658569,0.09152844101190567
3,46,1.7987256336212158,1.0154005193710327,0.6933332705497741,0.08999185144901276
3,47,1.7924170446395875,1.0080074501037597,0.6931154036521912,0.09129419922828674
3,48,1.7974908781051635,1.0124004578590393,0.693553626537323,0.09153678357601165
3,49,1.79727210521698,1.013454692363739,0.6930267477035522,0.09079065889120103
3,50,1.7926378059387207,1.0097180891036988,0.6934931993484497,0.08942651450634002
3,51,1.7942770433425903,1.0090455746650695,0.6931825876235962,0.0920488965511322
3,52,1.7876750326156616,1.002847294807434,0.6924430680274963,0.09238466173410416
3,53,1.8032844114303588,1.019762625694275,0.6934969139099121,0.09002487480640411
3,54,1.7870424604415893,1.0014390301704408,0.6930676937103272,0.09253571957349777
3,55,1.789533076286316,1.0059656763076783,0.6923802161216736,0.09118719875812531
3,56,1.797785382270813,1.0132576274871825,0.6921529960632324,0.09237474322319031
3,57,1.798387188911438,1.0150609993934632,0.6919332695007324,0.09139292269945144
3,58,1.792304048538208,1.0109620594978332,0.6921078944206238,0.08923408597707748
3,59,1.7991636276245118,1.015414743423462,0.6926842069625855,0.09106467604637146
3,60,1.793371844291687,1.0091751027107239,0.6917104649543763,0.0924862688779831
3,61,1.79296790599823,1.0097111248970032,0.6922554874420166,0.09100128173828125
3,62,1.7942562675476075,1.0116496253013612,0.6919323062896728,0.09067434549331665
3,63,1.7880738735198975,1.0031209588050842,0.6921797466278076,0.09277317732572556
3,64,1.7935640287399293,1.0109798002243042,0.6923688435554505,0.09021536201238632
3,65,1.7846101188659669,1.0028179931640624,0.6913469314575196,0.09044517695903778
3,66,1.7890165042877197,1.004913148880005,0.6919629311561585,0.09214043527841569
3,67,1.7933353137969972,1.010916655063629,0.6911407589912415,0.09127791523933411
3,68,1.7910961294174195,1.0080206346511842,0.6930154275894165,0.09006006330251694
3,69,1.7996982526779175,1.0153454804420472,0.6924322485923767,0.09192052781581879
3,70,1.789249119758606,1.0061592221260072,0.6925961637496948,0.09049375891685486
3,71,1.7879057598114014,1.0047508835792542,0.69107914686203,0.09207573801279068
3,72,1.7879689121246338,1.0060286664962768,0.6902110004425048,0.09172922998666763
3,73,1.791928334236145,1.0111287569999694,0.6902808690071106,0.09051872789859772
3,74,1.7920189952850343,1.0112216138839722,0.6893133521080017,0.09148401945829392
3,75,1.7850424671173095,1.0049905323982238,0.6895230603218079,0.09052887231111527
3,76,1.7862627267837525,1.0070889067649842,0.6867924523353577,0.09238136142492294
3,77,1.7835083103179932,1.001839008331299,0.6898066067695617,0.09186270743608475
3,78,1.7936028003692628,1.013289339542389,0.6910507321357727,0.08926273375749588
3,79,1.7887118768692016,1.0112484526634216,0.6868136858940125,0.09064973115921021
3,80,1.7936931324005128,1.0155141186714172,0.6870722436904907,0.09110675543546677
3,81,1.7850088930130006,1.0046607804298402,0.6901909589767456,0.09015714943408966
3,82,1.7903817701339722,1.0100269055366515,0.6881931638717651,0.09216172009706497
3,83,1.7855523777008058,1.007948133945465,0.6868388485908509,0.09076539635658264
3,84,1.7822218370437621,1.0024005675315857,0.6876621961593627,0.09215906262397766
3,85,1.7848081541061402,1.0056752514839173,0.6886742544174195,0.09045865416526794
3,86,1.7831846427917482,1.005020351409912,0.6865228223800659,0.09164149224758149
3,87,1.7835693168640137,1.0048793292045592,0.6882694697380066,0.09042051732540131
3,88,1.7933317995071412,1.015904357433319,0.6865088772773743,0.09091855853796005
3,89,1.7884059953689575,1.0094439387321472,0.6868545532226562,0.09210750579833984
3,90,1.7836915588378905,1.0089086842536927,0.683803517818451,0.09097935497760773
3,91,1.7929021167755126,1.0139601159095764,0.6890212178230286,0.08992078006267548
3,92,1.7846807384490966,1.004910340309143,0.6881593203544617,0.09161109268665314
3,93,1.7906928157806397,1.0111450242996216,0.6882042121887207,0.09134358257055282
3,94,1.7810243415832518,1.0007733488082886,0.6886761450767517,0.09157484114170074
3,95,1.7838462400436401,1.0032259678840638,0.6894800782203674,0.09114021003246307
3,96,1.7855299520492554,1.0078299784660338,0.6865179991722107,0.09118198990821838
3,97,1.78844970703125,1.008373486995697,0.6879419255256652,0.09213429063558579
3,98,1.7845962572097778,1.0090435767173767,0.6847688913345337,0.09078379690647126
3,99,1.7840512466430665,1.007550356388092,0.686025173664093,0.09047571569681168
3,100,1.7802839374542236,1.0006586194038392,0.6881116127967835,0.09151370912790298
3,101,1.7802966594696046,1.0034294080734254,0.6844678974151611,0.09239934355020524
3,102,1.786557493209839,1.0076058101654053,0.6887369537353516,0.09021474003791809
3,103,1.7815744590759277,1.0003743910789489,0.6899027585983276,0.09129729568958282
3,104,1.7815393495559693,1.00447674036026,0.6865240097045898,0.09053860396146775
3,105,1.7806318426132202,1.0042786264419556,0.6839162421226501,0.0924369689822197
3,106,1.7831983995437621,1.0038137388229371,0.6890018010139465,0.0903828650712967
3,107,1.7813585567474366,1.0050305914878845,0.6856578373908997,0.09067011952400207
3,108,1.790386800765991,1.0112832117080688,0.6872366786003112,0.09186691343784333
3,109,1.782492446899414,1.0084239435195923,0.6852164840698243,0.0888520348072052
3,110,1.7863163614273072,1.005200026035309,0.688701753616333,0.09241460889577865
3,111,1.784802703857422,1.0041384077072144,0.6875149059295654,0.09314939767122268
3,112,1.7872813653945923,1.0092756533622742,0.6880397844314575,0.08996594935655594
3,113,1.7869535827636718,1.0113673996925354,0.6870048189163208,0.0885813730955124
3,114,1.7872648811340333,1.0076256108283996,0.6870637965202332,0.09257547050714493
3,115,1.787190318107605,1.0080692458152771,0.6881576728820801,0.09096339493989944
3,116,1.7811370420455932,1.0029326891899109,0.687743878364563,0.0904604858160019
3,117,1.7839384412765502,1.0070093774795532,0.6847853016853332,0.09214376747608184
3,118,1.7867176961898803,1.0091151952743531,0.6880465745925903,0.0895559224486351
3,119,1.779458680152893,1.0007703948020934,0.686835699081421,0.09185258120298385
3,120,1.785578260421753,1.008441846370697,0.685198245048523,0.09193817734718322
3,121,1.7885480976104737,1.0144590616226197,0.6830861043930053,0.09100292921066284
3,122,1.778594765663147,1.006214246749878,0.6839798760414123,0.08840062797069549
3,123,1.772032060623169,0.9965666890144348,0.683078191280365,0.09238717406988144
3,124,1.7856927156448363,1.0058351492881774,0.6869136309623718,0.09294394671916961
3,125,1.7759514045715332,1.001697850227356,0.683992748260498,0.09026078879833221
3,126,1.7773034858703614,1.0010213565826416,0.6855609822273254,0.09072113245725631
3,127,1.7830925607681274,1.006819703578949,0.6854411458969116,0.09083171218633651
3,128,1.778839316368103,1.0051584506034852,0.683748972415924,0.08993189752101899
3,129,1.7711917495727538,0.9980247092247009,0.6825674962997437,0.09059953689575195
3,130,1.7575935554504394,0.9902271318435669,0.6771040368080139,0.09026238590478897
3,131,1.744478054046631,0.9810233402252198,0.6734913635253906,0.08996335566043853
3,132,1.7320079565048219,0.9792107486724854,0.6632300353050232,0.08956719070672989
3,133,1.7173430442810058,0.9749830985069274,0.6542107772827148,0.08814916908740997
3,134,1.7095432519912719,0.9716785812377929,0.6499105310440063,0.08795413374900818
3,135,1.6723648071289063,0.9556468033790588,0.6294209957122803,0.08729702442884445
3,136,1.6245569276809693,0.938892593383789,0.602745885848999,0.08291846811771393
3,137,1.5374827480316162,0.9115588688850402,0.5441379559040069,0.0817859348654747
3,138,1.4189703893661498,0.8833441829681397,0.45832053422927854,0.07730565965175629
3,139,1.3310139179229736,0.8496821475028992,0.4064692890644073,0.0748624849319458
3,140,1.256359429359436,0.8225675368309021,0.36303858280181883,0.07075331076979637
3,141,1.21226984500885,0.8017395377159119,0.3413785171508789,0.06915180400013923
3,142,1.1971960067749023,0.7973843812942505,0.3278950488567352,0.07191659644246101
3,143,1.169602403640747,0.7938446784019471,0.3070349192619324,0.06872280165553094
3,144,1.1341414737701416,0.7740453600883483,0.2936243426799774,0.06647175669670105
3,145,1.1289563751220704,0.769392237663269,0.2931552958488464,0.06640884250402451
3,146,1.1101884937286377,0.7619333481788635,0.2839717400074005,0.06428341686725617
3,147,1.1093460416793823,0.7647855114936829,0.27754310846328734,0.06701743319630622
3,148,1.109362711906433,0.7632210230827332,0.2770586454868317,0.06908304527401925
3,149,1.0829594659805297,0.7521542620658874,0.26563553750514984,0.06516967073082924
3,150,1.0770007181167602,0.7511875653266906,0.2595608001947403,0.06625236704945564
3,151,1.052887191772461,0.7426809072494507,0.2500706821680069,0.06013561204075813
3,152,1.0386155652999878,0.7334819793701172,0.2446879929304123,0.060445597767829894
3,153,1.0443080902099608,0.7329315257072448,0.24760468900203705,0.06377186745405197
3,154,1.0558111596107482,0.7443178534507752,0.24672859132289887,0.06476470366120339
3,155,1.032924027442932,0.7280571031570434,0.2416149479150772,0.06325197592377663
3,156,1.0148138856887818,0.7212820506095886,0.2339821606874466,0.059549674689769745
3,157,1.019276738166809,0.7310550308227539,0.22872763872146606,0.05949405297636986
3,158,1.009344720840454,0.7207998538017273,0.22927148401737213,0.05927338823676109
3,159,1.0083806753158568,0.7241844177246094,0.22465915381908416,0.05953710168600082
3,160,1.0075460076332092,0.7178342652320862,0.2287948536872864,0.06091688841581345
3,161,1.006507966518402,0.7279720711708069,0.2193666821718216,0.059169215708971025
3,162,0.9877000212669372,0.7111856031417847,0.21836961090564727,0.05814480811357498
3,163,1.0101300954818726,0.7250355124473572,0.22179033041000365,0.06330425828695298
3,164,0.9724428677558898,0.705135498046875,0.21065461814403533,0.05665275454521179
3,165,0.966441740989685,0.6996220827102662,0.21046203136444092,0.05635763064026832
3,166,0.9712015533447266,0.7081602907180786,0.2058129608631134,0.057228303700685504
3,167,0.9755765223503112,0.7152616190910339,0.20311781167984008,0.057197086811065674
3,168,0.9841493701934815,0.7137573146820069,0.20890055537223817,0.061491502225399015
3,169,0.9666836547851563,0.7102443790435791,0.20101174473762512,0.05542752638459206
3,170,0.9460900545120239,0.6934697699546813,0.19632275879383088,0.0562975212931633
3,171,0.9529980230331421,0.699798493385315,0.1972409874200821,0.055958541333675386
3,172,0.9574317073822022,0.6989185118675232,0.19893516600131989,0.05957802951335907
3,173,0.9498710751533508,0.6949026298522949,0.19716056406497956,0.05780788913369179
3,174,0.976102237701416,0.716101930141449,0.19962817668914795,0.060372128188610076
3,175,0.9645721507072449,0.7059921479225159,0.20160370111465453,0.05697630062699318
3,176,0.9327831101417542,0.6874682354927063,0.19076489746570588,0.05454997286200523
3,177,0.9433549857139587,0.698182864189148,0.1880536651611328,0.05711845457553864
3,178,0.9303435015678406,0.6868480515480041,0.18796136140823363,0.05553408622741699
3,179,0.9395761179924011,0.6948149800300598,0.18832506000995636,0.05643608406186104
3,180,0.9297632932662964,0.6903005981445313,0.18330583453178406,0.05615685820579529
3,181,0.9383158755302429,0.7023604941368103,0.1809493273496628,0.05500605046749115
3,182,0.9286985325813294,0.6866308426856995,0.18342015624046326,0.05864753425121307
3,183,0.914303514957428,0.6801928687095642,0.17992961287498474,0.05418103501200676
3,184,0.9320896649360657,0.6894658017158508,0.18628377735614776,0.05634008124470711
3,185,0.9357530021667481,0.698440957069397,0.1806907397508621,0.05662130117416382
3,186,0.9388775420188904,0.7015530300140381,0.1807098126411438,0.05661469578742981
3,187,0.9269734573364258,0.6936561036109924,0.17754343152046204,0.055773918479681016
3,188,0.9120313239097595,0.6818192648887634,0.1757330572605133,0.05447900727391243
3,189,0.9195563268661499,0.6841034865379334,0.1777742636203766,0.057678580135107044
3,190,0.9160143423080445,0.6842347478866577,0.17703625202178955,0.05474334120750427
3,191,0.9189892530441284,0.6887606263160706,0.17572094976902009,0.054507674425840376
3,192,0.9032690143585205,0.6758707737922669,0.17327579438686372,0.054122440218925476
3,193,0.9044465184211731,0.6753096795082092,0.1752476590871811,0.05388917788863182
3,194,0.9021909689903259,0.6737390589714051,0.17362004697322844,0.054831866025924686
3,195,0.8997776126861572,0.6719647336006165,0.17287041127681732,0.05494247317314148
3,196,0.899937744140625,0.6764913535118103,0.1692909562587738,0.054155438095331195
3,197,0.8928142046928406,0.6647793698310852,0.17262362122535704,0.05541122138500214
3,198,0.8896001410484314,0.6674311995506287,0.16879400134086608,0.05337492898106575
3,199,0.8806703162193298,0.6618509340286255,0.16647107124328614,0.05234830021858215
3,200,0.8750200581550598,0.6527304458618164,0.16931194126605986,0.05297766745090485
3,201,0.8783411645889282,0.6532949686050415,0.1729169660806656,0.05212923020124435
3,202,0.8596295499801636,0.6384861087799072,0.1686713409423828,0.05247210636734963
3,203,0.8575773239135742,0.6328174829483032,0.1708816933631897,0.05387815058231354
3,204,0.8364502096176147,0.6177434015274048,0.1676757037639618,0.05103110119700432
3,205,0.823582112789154,0.5988223528862,0.17374881446361543,0.05101094722747803
3,206,0.8055389881134033,0.5878038573265075,0.16893562257289887,0.048799514174461364
3,207,0.7885237884521484,0.5751310205459594,0.16553314447402953,0.04785963162779808
3,208,0.794620304107666,0.5764053964614868,0.16938730120658874,0.04882760569453239
3,209,0.7774527096748352,0.5648224973678588,0.16381583452224732,0.04881437599658966
3,210,0.7682899403572082,0.5572770714759827,0.16400967597961424,0.04700319230556488
3,211,0.762731397151947,0.5490810203552247,0.1676763838529587,0.0459739975631237
3,212,0.7617303204536437,0.5462029361724854,0.16760914027690887,0.04791825756430626
3,213,0.7342225456237793,0.5255446934700012,0.16347570836544037,0.045202143341302875
3,214,0.7211216402053833,0.5135798668861389,0.16454640865325929,0.04299535818397999
3,215,0.7075604319572448,0.5045102512836457,0.16081006526947023,0.042240115106105806
3,216,0.6747561550140381,0.482949481010437,0.15306686341762543,0.03873981289565563
3,217,0.6519788122177124,0.46668891072273255,0.1475057500600815,0.037784147411584854
3,218,0.625537919998169,0.44883273243904115,0.14179645895957946,0.03490871325135231
3,219,0.6319091773033142,0.449754980802536,0.1445831137895584,0.037571084275841715
3,220,0.6142898821830749,0.4389685070514679,0.1397726809978485,0.03554869294166565
4,1,2.5347399425506594,1.5883510398864746,0.6939109659194946,0.25247797057032584
4,2,2.289066667556763,1.5372820615768432,0.6931010985374451,0.05868352144956589
4,3,2.1806567668914796,1.4372866916656495,0.6925772666931153,0.05079279854893684
4,4,1.9444215679168702,1.1411949062347413,0.6937722635269165,0.1094544067978859
4,5,1.89064519405365,1.099054765701294,0.6933473181724549,0.09824309200048446
4,6,1.860472993850708,1.069824185371399,0.6935493779182434,0.09709943681955338
4,7,1.8437208366394042,1.0524276638031005,0.6944664120674133,0.09682675808668137
4,8,1.8382173728942872,1.0492942333221436,0.6934442162513733,0.09547893226146698
4,9,1.8398882532119751,1.051398892402649,0.6939894270896911,0.09449992269277573
4,10,1.821373281478882,1.0335855722427367,0.6937731170654297,0.09401459902524949
4,11,1.8386297845840454,1.0546396732330323,0.6935630369186402,0.09042706936597825
4,12,1.8258784294128418,1.0373806715011598,0.6943298721313477,0.09416789054870606
4,13,1.8270218992233276,1.0393398237228393,0.6948083758354187,0.09287372291088104
4,14,1.8228017807006835,1.0358092999458313,0.6939446520805359,0.09304780215024948
4,15,1.8211177444458009,1.0346962118148804,0.693001127243042,0.09342041492462158
4,16,1.8152254676818849,1.0287843084335326,0.6934375286102294,0.09300362884998321
4,17,1.8245402050018311,1.038032512664795,0.6934669470787048,0.09304074317216873
4,18,1.8202966165542602,1.0328690910339355,0.6933969163894653,0.0940306168794632
4,19,1.8163132715225219,1.032383999824524,0.6933866310119629,0.09054263412952424
4,20,1.81706524848938,1.0296449756622315,0.6934595489501953,0.09396071076393127
4,21,1.8188249635696412,1.0315424728393554,0.6934926247596741,0.09378987371921539
4,22,1.8186949062347413,1.0324120903015137,0.6934527444839478,0.09283008337020875
4,23,1.805440855026245,1.0183367919921875,0.6943987941741944,0.09270527869462968
4,24,1.8105241584777831,1.0227451872825624,0.693390142917633,0.09438882499933243
4,25,1.8141326093673706,1.028259310722351,0.6936821126937867,0.09219118893146515
4,26,1.8008217668533326,1.012565405368805,0.694097924232483,0.09415844053030015
4,27,1.8122481441497802,1.0247813963890076,0.6944212341308593,0.09304549813270568
4,28,1.8020561599731446,1.0161750674247743,0.6928389048576356,0.09304216980934144
4,29,1.7974430465698241,1.0108193445205689,0.6938452005386353,0.09277850478887557
4,30,1.8014102697372436,1.013434991836548,0.6933767557144165,0.09459854155778885
4,31,1.8040181922912597,1.017576620578766,0.6937507653236389,0.0926908227801323
4,32,1.8082324838638306,1.0248754453659057,0.6935065031051636,0.0898505249619484
4,33,1.7999857950210572,1.0134126472473144,0.693054986000061,0.09351816207170487
4,34,1.7987761306762695,1.013299994468689,0.6942055559158326,0.09127058148384094
4,35,1.794655547142029,1.0088289618492126,0.6941077637672425,0.09171882718801498
4,36,1.8038277053833007,1.0185518503189086,0.6934263610839844,0.09184949249029159
4,37,1.7993504524230957,1.015277042388916,0.6935326838493348,0.09054070889949799
4,38,1.7904687070846557,1.0047332620620728,0.6934459471702575,0.09228947669267655
4,39,1.796368079185486,1.0098451995849609,0.6943646359443665,0.09215823352336884
4,40,1.8000091218948364,1.0158264541625976,0.6939308333396912,0.09025183469057083
4,41,1.7904245567321777,1.004055485725403,0.6935909557342529,0.09277813643217087
4,42,1.7954697799682617,1.01102530002594,0.6936428117752075,0.09080167353153229
4,43,1.793354263305664,1.0084590935707092,0.6943623089790344,0.0905328619480133
4,44,1.8020560455322265,1.0162010216712951,0.6934926462173462,0.09236238479614257
4,45,1.7979810857772827,1.0127441954612733,0.6929964208602906,0.09224048137664795
4,46,1.7911351823806763,1.0049573230743407,0.6941046023368835,0.09207324743270874
4,47,1.7939891958236693,1.0098320722579956,0.6939657163619996,0.09019140601158142
4,48,1.7965511274337769,1.010086178779602,0.6937394046783447,0.09272555261850357
4,49,1.8060159730911254,1.02363196849823,0.6935692739486694,0.08881472200155258
4,50,1.7835654163360595,0.9981836986541748,0.6936775016784668,0.09170421451330185
4,51,1.7968195724487304,1.010630223751068,0.6943054270744323,0.09188390076160431
4,52,1.7887056398391723,1.0048222374916076,0.6936122703552247,0.09027111798524856
4,53,1.7934069108963013,1.0088475704193116,0.6928876256942749,0.09167173326015472
4,54,1.7977089643478394,1.0135535860061646,0.693505871295929,0.09064950317144393
4,55,1.7879196786880494,1.0020072698593139,0.693482494354248,0.09242991089820862
4,56,1.791794409751892,1.0068251013755798,0.6937685966491699,0.09120070576667785
4,57,1.7953921699523925,1.0123105978965758,0.6932924246788025,0.08978914588689804
4,58,1.7947469663619995,1.0085323667526245,0.6944096851348877,0.09180488646030426
4,59,1.792812342643738,1.00682391166687,0.6939776873588562,0.09201074630022049
4,60,1.789573965072632,1.0059316325187684,0.6937648606300354,0.08987746000289917
4,61,1.7925098180770873,1.006662619113922,0.6934552955627441,0.09239189922809601
4,62,1.7964375114440918,1.0114237976074218,0.6935149121284485,0.09149881035089492
4,63,1.7878205680847168,1.0041778802871704,0.6935604238510131,0.09008225947618484
4,64,1.7926028728485108,1.0073695516586303,0.693790602684021,0.09144272595643997
4,65,1.7875802850723266,1.0027356243133545,0.6938269400596618,0.09101773142814636
4,66,1.7906054162979126,1.003629424571991,0.6939169883728027,0.09305899769067764
4,67,1.792435278892517,1.0091365671157837,0.6928969311714173,0.09040177196264267
4,68,1.797127227783203,1.0124248027801515,0.693576078414917,0.09112635284662246
4,69,1.7987382316589355,1.0147447037696837,0.693578999042511,0.09041453510522843
4,70,1.803309783935547,1.0177038741111755,0.6932463908195495,0.09235951751470566
4,71,1.7976668310165405,1.0136235666275024,0.6933038234710693,0.09073943734169006
4,72,1.7914426612854004,1.0082018923759462,0.6934170460700989,0.08982373982667922
4,73,1.7899088954925537,1.005265130996704,0.6933306670188903,0.09131309479475021
4,74,1.7835092782974242,0.9985697770118713,0.6934603548049927,0.091479132771492
4,75,1.7875851106643676,1.0023556971549987,0.6935511088371277,0.09167830467224121
4,76,1.7925612545013427,1.0097302770614625,0.6930861163139344,0.08974484771490097
4,77,1.7955269765853883,1.0085910773277282,0.6937279176712036,0.09320798128843308
4,78,1.7862032651901245,1.0011676406860353,0.6935554838180542,0.09148013859987258
4,79,1.7900492572784423,1.0054568815231324,0.6933308792114258,0.0912614819407463
4,80,1.7907683038711548,1.0061023950576782,0.693587155342102,0.09107874691486359
4,81,1.7875789880752564,1.002203176021576,0.6933296823501587,0.09204611748456955
4,82,1.7849969959259033,1.0017398762702943,0.6930854296684266,0.09017169773578644
4,83,1.7903257942199706,1.005498878955841,0.6929251980781556,0.09190171957015991
4,84,1.7925909662246704,1.0062592577934266,0.693733675479889,0.09259803175926208
4,85,1.7960881900787353,1.0130410814285278,0.6935853695869446,0.08946174889802933
4,86,1.7880899477005006,1.0027865314483642,0.6935153818130493,0.0917880168557167
4,87,1.7939656496047973,1.0072734808921815,0.6934690570831299,0.09322310775518418
4,88,1.790353899002075,1.00736252784729,0.6931749105453491,0.08981647729873657
4,89,1.7981697225570679,1.0124467206001282,0.6934945750236511,0.09222843527793884
4,90,1.7907130384445191,1.0064463877677918,0.6936589622497559,0.09060768991708755
4,91,1.7943552541732788,1.0109286499023438,0.6934426712989807,0.08998394250869751
4,92,1.7888852977752685,1.0029144549369813,0.6934097576141357,0.09256108075380326
4,93,1.8002991628646852,1.0163172316551208,0.6936993837356568,0.09028256475925446
4,94,1.7930463552474976,1.009213798046112,0.693286554813385,0.09054599642753601
4,95,1.794346866607666,1.0090567398071288,0.6933486366271973,0.09194148033857345
4,96,1.789941635131836,1.0062994813919068,0.6935806632041931,0.0900614881515503
4,97,1.78600745677948,0.9999844741821289,0.6944331860542298,0.09158980518579483
4,98,1.7838352966308593,0.9986055827140808,0.6932454419136047,0.09198427528142929
4,99,1.7880825185775757,1.0045347023010254,0.6930762910842896,0.09047150909900666
4,100,1.8025538063049316,1.0183286809921264,0.6937572836875916,0.09046784937381744
4,101,1.7953645133972167,1.011098220348358,0.6935028052330017,0.09076348125934601
4,102,1.7924678277969361,1.0073079395294189,0.6934050393104553,0.0917548480629921
4,103,1.7911429834365844,1.0078835701942443,0.6930617046356201,0.09019770681858062
4,104,1.7898079347610474,1.0060322570800782,0.6933867359161376,0.0903889548778534
4,105,1.796420578956604,1.0120768761634826,0.6931495261192322,0.09119418382644653
4,106,1.7894549512863158,1.0047067856788636,0.6934335327148438,0.09131462872028351
4,107,1.789108338356018,1.0054058027267456,0.6934505414962768,0.09025199085474014
4,108,1.7900854349136353,1.004185688495636,0.6930823278427124,0.09281743377447128
4,109,1.791787977218628,1.0070368361473083,0.6933393049240112,0.09141181766986847
4,110,1.7946544075012207,1.0105382680892945,0.6930853486061096,0.09103077948093415
4,111,1.7849873733520507,1.0014692258834839,0.693227162361145,0.09029099255800248
4,112,1.7844506120681762,1.000252788066864,0.6931250810623169,0.09107274472713471
4,113,1.791378722190857,1.0059576773643493,0.6938459730148315,0.0915750503540039
4,114,1.7887956476211548,1.004488697052002,0.6933130526542663,0.09099389553070068
4,115,1.7875802183151246,1.0017248797416687,0.6933333849906922,0.09252195715904236
4,116,1.786159601211548,1.0012991881370545,0.6934637665748596,0.09139664769172669
4,117,1.8013854646682739,1.0180105900764465,0.6934627032279969,0.08991214483976365
4,118,1.7880612373352052,1.0039471244812013,0.6932759380340576,0.0908381924033165
4,119,1.7939011764526367,1.0101704382896424,0.6929851579666138,0.09074557960033416
4,120,1.7918640661239624,1.006310188770294,0.6930952215194702,0.09245863467454911
4,121,1.7951280069351196,1.0117902278900146,0.6933110880851746,0.09002667754888534
4,122,1.7854501628875732,1.0004479002952575,0.693708074092865,0.0912942013144493
4,123,1.7877130603790283,1.0042824792861937,0.6930194425582886,0.09041114419698715
4,124,1.78914381980896,1.0031931853294374,0.6937381219863892,0.09221250236034394
4,125,1.7919305992126464,1.0085090804100036,0.6935692310333252,0.08985229015350342
4,126,1.7921227407455445,1.009886419773102,0.6925540280342102,0.0896822938323021
4,127,1.7839758729934692,0.9978733849525452,0.6934956097602845,0.09260688334703446
4,128,1.792446026802063,1.0072794961929321,0.6930454254150391,0.09212111055850983
4,129,1.7913981533050538,1.0085738754272462,0.69245276927948,0.09037147909402847
4,130,1.7960976457595825,1.011280300617218,0.693512167930603,0.0913051724433899
4,131,1.7882273292541504,1.0051757836341857,0.6933059930801392,0.08974554628133774
4,132,1.7948810434341431,1.0101681756973266,0.6926562356948852,0.09205662608146667
4,133,1.7938334274291992,1.0088166046142577,0.6946395683288574,0.09037725538015366
4,134,1.7951214075088502,1.0120184302330018,0.6932485342025757,0.08985443264245987
4,135,1.7951925611495971,1.0102887082099914,0.6938051795959472,0.09109866589307786
4,136,1.7845523691177367,0.9995778322219848,0.6940663886070252,0.09090814739465714
4,137,1.7934662580490113,1.0074813175201416,0.6944597768783569,0.09152515977621078
4,138,1.7895445871353148,1.0069691395759583,0.6933719086647033,0.08920353382825852
4,139,1.7894799280166627,1.005881805419922,0.6924300813674926,0.09116805583238602
4,140,1.7865553188323975,1.002460765838623,0.693784830570221,0.0903097277879715
4,141,1.79277494430542,1.0079551124572754,0.6936519861221313,0.09116785198450089
4,142,1.7850239038467408,1.0012081789970397,0.6925875473022461,0.0912281945347786
4,143,1.7892218160629272,1.0043260264396667,0.6935195875167847,0.09137621462345123
4,144,1.7902952003479005,1.0069458103179931,0.6928105521202087,0.09053881615400314
4,145,1.7855572175979615,1.0020043087005615,0.6927799034118652,0.09077300757169723
4,146,1.795178632736206,1.0125168061256409,0.6926389861106873,0.09002283275127411
4,147,1.7906827163696288,1.00806697845459,0.6925533199310303,0.09006243348121643
4,148,1.7837991523742676,0.9998799872398376,0.6929592800140381,0.09095986753702164
4,149,1.7860894393920899,1.0023364567756652,0.692768075466156,0.09098491102457046
4,150,1.784228138923645,1.001027810573578,0.6921950912475586,0.09100522965192795
4,151,1.7770289516448974,0.9955265021324158,0.6916659474372864,0.08983651727437973
4,152,1.7741274547576904,0.9921547675132751,0.6919262981414795,0.09004638463258743
4,153,1.7715871620178223,0.9889807748794556,0.6911349487304688,0.0914714476466179
4,154,1.7593668699264526,0.9817155456542969,0.6895564842224121,0.08809484779834748
4,155,1.7501110410690308,0.9751776742935181,0.687966034412384,0.08696734249591827
4,156,1.695337610244751,0.9281509041786193,0.6833134818077088,0.08387321949005128
4,157,1.6622635984420777,0.9001470923423767,0.6758758473396301,0.08624066859483719
4,158,1.6332499313354492,0.8887226200103759,0.6629386520385743,0.08158864796161652
4,159,1.5608833026885987,0.8361188006401062,0.6461351656913757,0.07862935289740562
4,160,1.5075475645065308,0.8155950450897217,0.613956687450409,0.07799584046006203
4,161,1.4142283773422242,0.7719326734542846,0.5697264504432679,0.07256925255060195
4,162,1.3615019559860229,0.7582900094985962,0.5337142896652222,0.06949766680598259
4,163,1.3267447233200074,0.7499665713310242,0.5061665523052216,0.07061162054538726
4,164,1.2613426160812378,0.7217894959449768,0.4744709360599518,0.06508218139410019
4,165,1.2187735843658447,0.7090552234649659,0.445480682849884,0.0642376857995987
4,166,1.1653649950027465,0.6882306146621704,0.41695831060409544,0.06017606437206268
4,167,1.1413777685165405,0.6776377940177918,0.40413720965385436,0.0596027597784996
4,168,1.1025959539413452,0.6692388582229615,0.3744672179222107,0.05888987571001053
4,169,1.0695769739151002,0.6483496308326722,0.36249825477600095,0.05872909560799599
4,170,1.0573409342765807,0.6454560804367065,0.3552805531024933,0.05660430267453194
4,171,1.0134005784988402,0.6217704367637634,0.33571558594703677,0.05591456279158592
4,172,0.9966457772254944,0.6117531943321228,0.3300962471961975,0.05479632899165154
4,173,1.0018056535720825,0.6213040256500244,0.32195671916007995,0.0585449081659317
4,174,0.9551583051681518,0.5967959809303284,0.30713549852371214,0.051226830631494524
4,175,0.9140516591072082,0.5701632404327392,0.2935419237613678,0.050346499979496
4,176,0.8972415733337402,0.5636064505577087,0.2837220323085785,0.049913090169429776
4,177,0.8928948855400085,0.561157488822937,0.28192903399467467,0.049808366298675535
4,178,0.8512484073638916,0.5406727409362793,0.2641185200214386,0.046457144170999526
4,179,0.8372110486030578,0.5344362735748291,0.25585703492164613,0.04691773474216461
4,180,0.8127569580078124,0.5211429905891418,0.2471061760187149,0.044507790505886075
4,181,0.7746552014350891,0.502629679441452,0.2299079555273056,0.04211757138371468
4,182,0.7316484665870666,0.48452876925468447,0.20978356778621673,0.03733612217009068
4,183,0.7085177612304687,0.4763933277130127,0.19503068029880524,0.037093762904405594
4,184,0.688700258731842,0.46412752866744994,0.18847169399261474,0.03610104247927666
4,185,0.6573578977584839,0.449882972240448,0.17438564360141753,0.0330892888456583
4,186,0.678827657699585,0.4642803347110748,0.17486378967761992,0.03968353122472763
4,187,0.6410497260093689,0.4422376239299774,0.16589472949504852,0.0329173755645752
4,188,0.6208908939361573,0.4322248935699463,0.15828582048416137,0.030380176454782484
4,189,0.6129678821563721,0.42902388572692873,0.15475500226020814,0.02918900080025196
4,190,0.6090914487838746,0.42669061303138733,0.15119061946868897,0.031210209950804712
4,191,0.5854721713066101,0.4090613758563995,0.1483418244123459,0.028068972900509834
4,192,0.5765736627578736,0.4060590255260468,0.1423072773218155,0.028207363560795784
4,193,0.5671943879127502,0.40132999420166016,0.13860853493213654,0.027255865260958672
4,194,0.5672452116012573,0.4020474660396576,0.13812914371490478,0.027068605050444602
4,195,0.5656689119338989,0.4002672648429871,0.13601454913616182,0.02938709408044815
4,196,0.5483167839050292,0.39233011364936826,0.13051903665065764,0.025467626452445984
4,197,0.5371395897865295,0.3836805951595306,0.1293088388442993,0.024150149673223497
4,198,0.5317942357063293,0.3819503927230835,0.12408994853496552,0.025753890722990037
4,199,0.5258534932136536,0.37599894881248475,0.12461062073707581,0.025243926867842673
4,200,0.5139978146553039,0.3711782217025757,0.11915214002132415,0.023667453154921532
4,201,0.5171183168888092,0.3724074935913086,0.11908066362142562,0.025630162730813026
4,202,0.511323721408844,0.36988669633865356,0.11805593997240066,0.02338108591735363
4,203,0.49832693219184876,0.36124995589256287,0.11309749692678452,0.023979480415582656
4,204,0.49000922083854676,0.3576382029056549,0.1118897894024849,0.02048122853040695
4,205,0.4878904557228088,0.3552112591266632,0.11002096861600875,0.022658227607607842
4,206,0.47906253337860105,0.3501455223560333,0.1075374311208725,0.021379585452377795
4,207,0.47954145312309265,0.35112889409065245,0.10558979451656342,0.022822765223681925
4,208,0.4767631852626801,0.34958664894104,0.1047548195719719,0.02242172010242939
4,209,0.4707728374004364,0.345328072309494,0.10402062058448791,0.021424145624041557
4,210,0.46214263677597045,0.340624098777771,0.10063205182552337,0.020886481441557407
4,211,0.458974586725235,0.3383392608165741,0.10004895389080047,0.020586370192468166
4,212,0.4576946723461151,0.3360984218120575,0.09853126674890518,0.023064986392855643
4,213,0.46528217554092405,0.34322296500205995,0.09998607814311981,0.02207313623279333
4,214,0.4600133264064789,0.3402402937412262,0.09747314721345901,0.02229988370090723
4,215,0.4455094599723816,0.3305357253551483,0.09493489563465118,0.020038837119936943
4,216,0.43678974628448486,0.3247686314582825,0.09393205046653748,0.018089067190885544
4,217,0.4428451633453369,0.3294548082351685,0.09296685516834259,0.020423503406345845
4,218,0.43750312089920046,0.3250457453727722,0.09150008857250214,0.020957284197211264
4,219,0.4355987441539764,0.32445631265640257,0.0913056018948555,0.019836830236017705
4,220,0.4318591010570526,0.3210063445568085,0.09183930933475494,0.01901344709098339
